RECLOC,CABIN_CD,COS_CD,OPER_OD_ORIG_CD,OPER_OD_DEST_CD,DEP_KEY,DEP_DT,ORIG_CD,DEST_CD,FLT_NUM,DEP_DTML,ARR_DTML,DEP_DTMZ,ARR_DTMZ,PREV_OD_BROKEN_IND,PAX_CNT,CVM,PREV_CONN_TIME,ALT_CABIN_CD,ALT_OPER_OD_ORIG_CD,ALT_OPER_OD_DEST_CD,ALT_DEP_DT,ALT_ORIG_CD,ALT_DEST_CD,ALT_FLT_NUM,ALT_DEP_DTML,ALT_ARR_DTML,ALT_DEP_DTMZ,ALT_ARR_DTMZ,ALT_CONN_TIME_MINS
0,Y,23,EBG,TPH,AZ20271022EBGTPH6882,2027-10-22,EBG,TPH,6882,2027-10-22 15:06,2027-10-22 16:35,2027-10-22 19:06,2027-10-22 21:35,0,1,3.321928095,,Either,EBG,TPH,2027-10-23,EBG,TPH,1141.0,2027-10-23 19:25,2027-10-23 20:53,2027-10-23 23:25,2027-10-24 01:53,
0,Y,23,EBG,TPH,AZ20271022EBGTPH6882,2027-10-22,EBG,TPH,6882,2027-10-22 15:06,2027-10-22 16:35,2027-10-22 19:06,2027-10-22 21:35,0,1,3.321928095,,Either,EBG,TPH,2027-10-24,EBG,TPH,5654.0,2027-10-24 12:44,2027-10-24 14:13,2027-10-24 16:44,2027-10-24 19:13,
0,Y,23,EBG,TPH,AZ20271022EBGTPH6882,2027-10-22,EBG,TPH,6882,2027-10-22 15:06,2027-10-22 16:35,2027-10-22 19:06,2027-10-22 21:35,0,1,3.321928095,,Either,EBG,TPH,2027-10-23,EBG,TPH,18974.0,2027-10-23 22:17,2027-10-23 23:48,2027-10-24 02:17,2027-10-24 04:48,
0,Y,23,EBG,TPH,AZ20271022EBGTPH6882,2027-10-22,EBG,TPH,6882,2027-10-22 15:06,2027-10-22 16:35,2027-10-22 19:06,2027-10-22 21:35,0,1,3.321928095,,Either,EBG,TPH,2027-10-24,EBG,TPH,6882.0,2027-10-24 15:06,2027-10-24 16:35,2027-10-24 19:06,2027-10-24 21:35,
0,Y,23,EBG,TPH,AZ20271022EBGTPH6882,2027-10-22,EBG,TPH,6882,2027-10-22 15:06,2027-10-22 16:35,2027-10-22 19:06,2027-10-22 21:35,0,1,3.321928095,,Either,EBG,TPH,2027-10-23,EBG,TPH,5654.0,2027-10-23 12:44,2027-10-23 14:13,2027-10-23 16:44,2027-10-23 19:13,
1,Y,21,KHL,RHP,AZ20271021TPHRHP12465,2027-10-21,TPH,RHP,12465,2027-10-21 18:25,2027-10-21 21:55,2027-10-21 23:25,2027-10-22 2:55,0,3,5.68904983,116.0,Either,TPH,RHP,2027-10-22,TPH,RHP,16724.0,2027-10-23 00:42,2027-10-23 04:12,2027-10-23 05:42,2027-10-23 09:12,
2,Y,16,CHC,OLT,AZ20271021TPHOLT17144,2027-10-21,TPH,OLT,17144,2027-10-21 18:07,2027-10-21 22:19,2027-10-21 23:07,2027-10-22 6:19,0,1,5.8557099,315.0,Either,TPH,OLT,2027-10-22,TPH,OLT,17144.0,2027-10-22 18:07,2027-10-22 22:19,2027-10-22 23:07,2027-10-23 06:19,
3,Y,20,ZFM,FHY,AZ20271021TPHFHY5119,2027-10-21,TPH,FHY,5119,2027-10-21 15:34,2027-10-21 18:30,2027-10-21 20:34,2027-10-21 22:30,0,3,5.184875461,193.0,Either,TPH,FHY,2027-10-21,TPH,FHY,13713.0,2027-10-21 18:00,2027-10-21 20:56,2027-10-21 23:00,2027-10-22 00:56,
3,Y,20,ZFM,FHY,AZ20271021TPHFHY5119,2027-10-21,TPH,FHY,5119,2027-10-21 15:34,2027-10-21 18:30,2027-10-21 20:34,2027-10-21 22:30,0,3,5.184875461,193.0,Either,TPH,FHY,2027-10-22,TPH,FHY,5119.0,2027-10-22 15:34,2027-10-22 18:30,2027-10-22 20:34,2027-10-22 22:30,
4,Y,24,QXG,GIW,AZ20271021TPHGIW15865,2027-10-21,TPH,GIW,15865,2027-10-22 4:42,2027-10-22 9:33,2027-10-22 9:42,2027-10-22 14:33,0,3,2.459677514,490.0,Either,TPH,GIW,2027-10-23,TPH,GIW,15865.0,2027-10-24 04:42,2027-10-24 09:33,2027-10-24 09:42,2027-10-24 14:33,
5,Y,21,EYF,EBG,AZ20271021EYFTPH19533,2027-10-21,EYF,TPH,19533,2027-10-21 12:53,2027-10-21 14:21,2027-10-21 17:53,2027-10-21 19:21,0,1,1.613299966,,Either,EYF,TPH,2027-10-23,EYF,TPH,19533.0,2027-10-23 12:53,2027-10-23 14:21,2027-10-23 17:53,2027-10-23 19:21,
5,Y,21,EYF,EBG,AZ20271021EYFTPH19533,2027-10-21,EYF,TPH,19533,2027-10-21 12:53,2027-10-21 14:21,2027-10-21 17:53,2027-10-21 19:21,0,1,1.613299966,,Either,EYF,TPH,2027-10-22,EYF,TPH,17051.0,2027-10-23 00:08,2027-10-23 01:36,2027-10-23 05:08,2027-10-23 06:36,
5,Y,21,EYF,EBG,AZ20271021EYFTPH19533,2027-10-21,EYF,TPH,19533,2027-10-21 12:53,2027-10-21 14:21,2027-10-21 17:53,2027-10-21 19:21,0,1,1.613299966,,Either,EYF,TPH,2027-10-22,EYF,TPH,14730.0,2027-10-22 15:53,2027-10-22 17:21,2027-10-22 20:53,2027-10-22 22:21,
5,Y,21,EYF,EBG,AZ20271021EYFTPH19533,2027-10-21,EYF,TPH,19533,2027-10-21 12:53,2027-10-21 14:21,2027-10-21 17:53,2027-10-21 19:21,0,1,1.613299966,,Either,EYF,TPH,2027-10-21,EYF,TPH,14730.0,2027-10-21 15:53,2027-10-21 17:21,2027-10-21 20:53,2027-10-21 22:21,
5,Y,21,EYF,EBG,AZ20271021EYFTPH19533,2027-10-21,EYF,TPH,19533,2027-10-21 12:53,2027-10-21 14:21,2027-10-21 17:53,2027-10-21 19:21,0,1,1.613299966,,Either,EYF,TPH,2027-10-22,EYF,TPH,7127.0,2027-10-22 18:37,2027-10-22 20:05,2027-10-22 23:37,2027-10-23 01:05,
5,Y,21,EYF,EBG,AZ20271021EYFTPH19533,2027-10-21,EYF,TPH,19533,2027-10-21 12:53,2027-10-21 14:21,2027-10-21 17:53,2027-10-21 19:21,0,1,1.613299966,,Either,EYF,TPH,2027-10-21,EYF,TPH,17051.0,2027-10-22 00:08,2027-10-22 01:36,2027-10-22 05:08,2027-10-22 06:36,
5,Y,21,EYF,EBG,AZ20271021EYFTPH19533,2027-10-21,EYF,TPH,19533,2027-10-21 12:53,2027-10-21 14:21,2027-10-21 17:53,2027-10-21 19:21,0,1,1.613299966,,Either,EYF,TPH,2027-10-21,EYF,TPH,8027.0,2027-10-21 15:41,2027-10-21 17:09,2027-10-21 20:41,2027-10-21 22:09,
6,Y,0,VUY,EID,AZ20271022VUYTPH5659,2027-10-22,VUY,TPH,5659,2027-10-22 12:02,2027-10-22 14:26,2027-10-22 18:02,2027-10-22 19:26,0,1,2.320012851,,Either,VUY,TPH,2027-10-23,VUY,TPH,5659.0,2027-10-23 12:02,2027-10-23 14:26,2027-10-23 18:02,2027-10-23 19:26,
6,Y,0,VUY,EID,AZ20271022VUYTPH5659,2027-10-22,VUY,TPH,5659,2027-10-22 12:02,2027-10-22 14:26,2027-10-22 18:02,2027-10-22 19:26,0,1,2.320012851,,Either,VUY,TPH,2027-10-23,VUY,TPH,16041.0,2027-10-23 20:25,2027-10-23 22:49,2027-10-24 02:25,2027-10-24 03:49,
6,Y,0,VUY,EID,AZ20271022VUYTPH5659,2027-10-22,VUY,TPH,5659,2027-10-22 12:02,2027-10-22 14:26,2027-10-22 18:02,2027-10-22 19:26,0,1,2.320012851,,Either,VUY,TPH,2027-10-22,VUY,TPH,8400.0,2027-10-22 14:46,2027-10-22 17:10,2027-10-22 20:46,2027-10-22 22:10,
6,Y,0,VUY,EID,AZ20271022VUYTPH5659,2027-10-22,VUY,TPH,5659,2027-10-22 12:02,2027-10-22 14:26,2027-10-22 18:02,2027-10-22 19:26,0,1,2.320012851,,Either,VUY,QXG,2027-10-22,VUY,QXG,10006.0,2027-10-23 02:33,2027-10-23 04:18,2027-10-23 08:33,2027-10-23 10:18,
6,Y,0,VUY,EID,AZ20271022VUYTPH5659,2027-10-22,VUY,TPH,5659,2027-10-22 12:02,2027-10-22 14:26,2027-10-22 18:02,2027-10-22 19:26,0,1,2.320012851,,Either,QXG,TPH,2027-10-23,QXG,TPH,15389.0,2027-10-23 11:03,2027-10-23 14:28,2027-10-23 17:03,2027-10-23 19:28,105.0
6,Y,0,VUY,EID,AZ20271022VUYTPH5659,2027-10-22,VUY,TPH,5659,2027-10-22 12:02,2027-10-22 14:26,2027-10-22 18:02,2027-10-22 19:26,0,1,2.320012851,,Either,VUY,QXG,2027-10-23,VUY,QXG,10006.0,2027-10-24 02:33,2027-10-24 04:18,2027-10-24 08:33,2027-10-24 10:18,
6,Y,0,VUY,EID,AZ20271022VUYTPH5659,2027-10-22,VUY,TPH,5659,2027-10-22 12:02,2027-10-22 14:26,2027-10-22 18:02,2027-10-22 19:26,0,1,2.320012851,,Either,QXG,TPH,2027-10-24,QXG,TPH,15389.0,2027-10-24 11:03,2027-10-24 14:28,2027-10-24 17:03,2027-10-24 19:28,105.0
6,Y,0,VUY,EID,AZ20271022VUYTPH5659,2027-10-22,VUY,TPH,5659,2027-10-22 12:02,2027-10-22 14:26,2027-10-22 18:02,2027-10-22 19:26,0,1,2.320012851,,Either,VUY,TPH,2027-10-22,VUY,TPH,2927.0,2027-10-22 23:08,2027-10-23 01:32,2027-10-23 05:08,2027-10-23 06:32,
6,Y,0,VUY,EID,AZ20271022VUYTPH5659,2027-10-22,VUY,TPH,5659,2027-10-22 12:02,2027-10-22 14:26,2027-10-22 18:02,2027-10-22 19:26,0,1,2.320012851,,Either,VUY,TPH,2027-10-23,VUY,TPH,18329.0,2027-10-23 17:16,2027-10-23 19:40,2027-10-23 23:16,2027-10-24 00:40,
6,Y,0,VUY,EID,AZ20271022VUYTPH5659,2027-10-22,VUY,TPH,5659,2027-10-22 12:02,2027-10-22 14:26,2027-10-22 18:02,2027-10-22 19:26,0,1,2.320012851,,Either,VUY,TPH,2027-10-23,VUY,TPH,3289.0,2027-10-23 14:59,2027-10-23 17:23,2027-10-23 20:59,2027-10-23 22:23,
6,Y,0,VUY,EID,AZ20271022VUYTPH5659,2027-10-22,VUY,TPH,5659,2027-10-22 12:02,2027-10-22 14:26,2027-10-22 18:02,2027-10-22 19:26,0,1,2.320012851,,Either,VUY,TPH,2027-10-24,VUY,TPH,5659.0,2027-10-24 12:02,2027-10-24 14:26,2027-10-24 18:02,2027-10-24 19:26,
6,Y,0,VUY,EID,AZ20271022VUYTPH5659,2027-10-22,VUY,TPH,5659,2027-10-22 12:02,2027-10-22 14:26,2027-10-22 18:02,2027-10-22 19:26,0,1,2.320012851,,Either,VUY,TPH,2027-10-23,VUY,TPH,4376.0,2027-10-24 00:26,2027-10-24 02:50,2027-10-24 06:26,2027-10-24 07:50,
6,Y,0,VUY,EID,AZ20271022VUYTPH5659,2027-10-22,VUY,TPH,5659,2027-10-22 12:02,2027-10-22 14:26,2027-10-22 18:02,2027-10-22 19:26,0,1,2.320012851,,Either,VUY,TPH,2027-10-23,VUY,TPH,2927.0,2027-10-23 23:08,2027-10-24 01:32,2027-10-24 05:08,2027-10-24 06:32,
7,Y,19,PGM,CLT,AZ20271021PGMTPH18891,2027-10-21,PGM,TPH,18891,2027-10-21 11:10,2027-10-21 14:17,2027-10-21 17:10,2027-10-21 19:17,0,1,2.321462839,,Either,PGM,TPH,2027-10-23,PGM,TPH,18891.0,2027-10-23 11:10,2027-10-23 14:17,2027-10-23 17:10,2027-10-23 19:17,
7,Y,19,PGM,CLT,AZ20271021PGMTPH18891,2027-10-21,PGM,TPH,18891,2027-10-21 11:10,2027-10-21 14:17,2027-10-21 17:10,2027-10-21 19:17,0,1,2.321462839,,Either,PGM,TPH,2027-10-21,PGM,TPH,2952.0,2027-10-21 20:02,2027-10-21 23:09,2027-10-22 02:02,2027-10-22 04:09,
8,Y,14,TPH,QRD,AZ20271020TPHQRD1370,2027-10-20,TPH,QRD,1370,2027-10-20 15:47,2027-10-20 19:13,2027-10-20 20:47,2027-10-21 0:13,0,2,0.393999994,,Either,TPH,QRD,2027-10-22,TPH,QRD,1370.0,2027-10-22 15:47,2027-10-22 19:13,2027-10-22 20:47,2027-10-23 00:13,
9,Y,21,EYF,TPH,AZ20271021EYFTPH7127,2027-10-21,EYF,TPH,7127,2027-10-21 18:37,2027-10-21 20:05,2027-10-21 23:37,2027-10-22 1:05,0,1,0.0821100026369095,,Either,EYF,TPH,2027-10-22,EYF,TPH,8027.0,2027-10-22 15:41,2027-10-22 17:09,2027-10-22 20:41,2027-10-22 22:09,
9,Y,21,EYF,TPH,AZ20271021EYFTPH7127,2027-10-21,EYF,TPH,7127,2027-10-21 18:37,2027-10-21 20:05,2027-10-21 23:37,2027-10-22 1:05,0,1,0.0821100026369095,,Either,EYF,TPH,2027-10-23,EYF,TPH,19533.0,2027-10-23 12:53,2027-10-23 14:21,2027-10-23 17:53,2027-10-23 19:21,
9,Y,21,EYF,TPH,AZ20271021EYFTPH7127,2027-10-21,EYF,TPH,7127,2027-10-21 18:37,2027-10-21 20:05,2027-10-21 23:37,2027-10-22 1:05,0,1,0.0821100026369095,,Either,EYF,TPH,2027-10-22,EYF,TPH,14730.0,2027-10-22 15:53,2027-10-22 17:21,2027-10-22 20:53,2027-10-22 22:21,
9,Y,21,EYF,TPH,AZ20271021EYFTPH7127,2027-10-21,EYF,TPH,7127,2027-10-21 18:37,2027-10-21 20:05,2027-10-21 23:37,2027-10-22 1:05,0,1,0.0821100026369095,,Either,EYF,TPH,2027-10-22,EYF,TPH,7127.0,2027-10-22 18:37,2027-10-22 20:05,2027-10-22 23:37,2027-10-23 01:05,
9,Y,21,EYF,TPH,AZ20271021EYFTPH7127,2027-10-21,EYF,TPH,7127,2027-10-21 18:37,2027-10-21 20:05,2027-10-21 23:37,2027-10-22 1:05,0,1,0.0821100026369095,,Either,EYF,TPH,2027-10-23,EYF,TPH,7127.0,2027-10-23 18:37,2027-10-23 20:05,2027-10-23 23:37,2027-10-24 01:05,
9,Y,21,EYF,TPH,AZ20271021EYFTPH7127,2027-10-21,EYF,TPH,7127,2027-10-21 18:37,2027-10-21 20:05,2027-10-21 23:37,2027-10-22 1:05,0,1,0.0821100026369095,,Either,EYF,TPH,2027-10-23,EYF,TPH,3093.0,2027-10-23 11:03,2027-10-23 12:31,2027-10-23 16:03,2027-10-23 17:31,
9,Y,21,EYF,TPH,AZ20271021EYFTPH7127,2027-10-21,EYF,TPH,7127,2027-10-21 18:37,2027-10-21 20:05,2027-10-21 23:37,2027-10-22 1:05,0,1,0.0821100026369095,,Either,EYF,TPH,2027-10-22,EYF,TPH,10851.0,2027-10-22 21:17,2027-10-22 22:45,2027-10-23 02:17,2027-10-23 03:45,
9,Y,21,EYF,TPH,AZ20271021EYFTPH7127,2027-10-21,EYF,TPH,7127,2027-10-21 18:37,2027-10-21 20:05,2027-10-21 23:37,2027-10-22 1:05,0,1,0.0821100026369095,,Either,EYF,TPH,2027-10-21,EYF,TPH,17051.0,2027-10-22 00:08,2027-10-22 01:36,2027-10-22 05:08,2027-10-22 06:36,
10,Y,13,QHP,NAD,AZ20271021TPHNAD10818,2027-10-21,TPH,NAD,10818,2027-10-22 3:37,2027-10-22 5:54,2027-10-22 8:37,2027-10-22 10:54,0,1,5.17990909,118.0,Either,TPH,NAD,2027-10-23,TPH,NAD,12819.0,2027-10-23 15:22,2027-10-23 17:39,2027-10-23 20:22,2027-10-23 22:39,
10,Y,13,QHP,NAD,AZ20271021TPHNAD10818,2027-10-21,TPH,NAD,10818,2027-10-22 3:37,2027-10-22 5:54,2027-10-22 8:37,2027-10-22 10:54,0,1,5.17990909,118.0,Either,TPH,NAD,2027-10-22,TPH,NAD,12819.0,2027-10-22 15:22,2027-10-22 17:39,2027-10-22 20:22,2027-10-22 22:39,
10,Y,13,QHP,NAD,AZ20271021TPHNAD10818,2027-10-21,TPH,NAD,10818,2027-10-22 3:37,2027-10-22 5:54,2027-10-22 8:37,2027-10-22 10:54,0,1,5.17990909,118.0,Either,TPH,NAD,2027-10-23,TPH,NAD,18287.0,2027-10-23 17:47,2027-10-23 20:04,2027-10-23 22:47,2027-10-24 01:04,
10,Y,13,QHP,NAD,AZ20271021TPHNAD10818,2027-10-21,TPH,NAD,10818,2027-10-22 3:37,2027-10-22 5:54,2027-10-22 8:37,2027-10-22 10:54,0,1,5.17990909,118.0,Either,TPH,NAD,2027-10-23,TPH,NAD,5528.0,2027-10-23 21:32,2027-10-23 23:49,2027-10-24 02:32,2027-10-24 04:49,
11,Y,11,ERW,ZFM,AZ20271020ERWTPH11666,2027-10-20,ERW,TPH,11666,2027-10-20 18:27,2027-10-20 20:04,2027-10-20 22:27,2027-10-21 1:04,0,1,4.951531959,,Either,ERW,TPH,2027-10-22,ERW,TPH,1187.0,2027-10-22 15:04,2027-10-22 16:41,2027-10-22 19:04,2027-10-22 21:41,
11,Y,11,ERW,ZFM,AZ20271020ERWTPH11666,2027-10-20,ERW,TPH,11666,2027-10-20 18:27,2027-10-20 20:04,2027-10-20 22:27,2027-10-21 1:04,0,1,4.951531959,,Either,ERW,TPH,2027-10-21,ERW,TPH,18828.0,2027-10-21 23:52,2027-10-22 01:30,2027-10-22 03:52,2027-10-22 06:30,
11,Y,11,ERW,ZFM,AZ20271020ERWTPH11666,2027-10-20,ERW,TPH,11666,2027-10-20 18:27,2027-10-20 20:04,2027-10-20 22:27,2027-10-21 1:04,0,1,4.951531959,,Either,ERW,TPH,2027-10-21,ERW,TPH,1187.0,2027-10-21 15:04,2027-10-21 16:41,2027-10-21 19:04,2027-10-21 21:41,
12,Y,0,QHP,TPH,AZ20271021QHPTPH5747,2027-10-21,QHP,TPH,5747,2027-10-21 11:17,2027-10-21 14:26,2027-10-21 16:17,2027-10-21 19:26,0,1,4.703757142,,Either,QHP,TPH,2027-10-22,QHP,TPH,16478.0,2027-10-22 19:48,2027-10-22 22:57,2027-10-23 00:48,2027-10-23 03:57,
12,Y,0,QHP,TPH,AZ20271021QHPTPH5747,2027-10-21,QHP,TPH,5747,2027-10-21 11:17,2027-10-21 14:26,2027-10-21 16:17,2027-10-21 19:26,0,1,4.703757142,,Either,QHP,TPH,2027-10-22,QHP,TPH,4704.0,2027-10-22 23:31,2027-10-23 02:40,2027-10-23 04:31,2027-10-23 07:40,
12,Y,0,QHP,TPH,AZ20271021QHPTPH5747,2027-10-21,QHP,TPH,5747,2027-10-21 11:17,2027-10-21 14:26,2027-10-21 16:17,2027-10-21 19:26,0,1,4.703757142,,Either,QHP,TPH,2027-10-22,QHP,TPH,5747.0,2027-10-22 11:17,2027-10-22 14:26,2027-10-22 16:17,2027-10-22 19:26,
12,Y,0,QHP,TPH,AZ20271021QHPTPH5747,2027-10-21,QHP,TPH,5747,2027-10-21 11:17,2027-10-21 14:26,2027-10-21 16:17,2027-10-21 19:26,0,1,4.703757142,,Either,QHP,TPH,2027-10-21,QHP,TPH,19553.0,2027-10-21 19:16,2027-10-21 22:25,2027-10-22 00:16,2027-10-22 03:25,
13,Y,18,ERW,EYF,AZ20271020TPHEYF5897,2027-10-20,TPH,EYF,5897,2027-10-21 3:46,2027-10-21 5:07,2027-10-21 8:46,2027-10-21 10:07,0,8,3.491075006,136.0,Either,TPH,EYF,2027-10-22,TPH,EYF,3917.0,2027-10-22 21:50,2027-10-22 23:11,2027-10-23 02:50,2027-10-23 04:11,
13,Y,18,ERW,EYF,AZ20271020TPHEYF5897,2027-10-20,TPH,EYF,5897,2027-10-21 3:46,2027-10-21 5:07,2027-10-21 8:46,2027-10-21 10:07,0,8,3.491075006,136.0,Either,TPH,EYF,2027-10-21,TPH,EYF,10112.0,2027-10-21 13:35,2027-10-21 14:56,2027-10-21 18:35,2027-10-21 19:56,
13,Y,18,ERW,EYF,AZ20271020TPHEYF5897,2027-10-20,TPH,EYF,5897,2027-10-21 3:46,2027-10-21 5:07,2027-10-21 8:46,2027-10-21 10:07,0,8,3.491075006,136.0,Either,TPH,EYF,2027-10-22,TPH,EYF,5897.0,2027-10-23 03:46,2027-10-23 05:07,2027-10-23 08:46,2027-10-23 10:07,
13,Y,18,ERW,EYF,AZ20271020TPHEYF5897,2027-10-20,TPH,EYF,5897,2027-10-21 3:46,2027-10-21 5:07,2027-10-21 8:46,2027-10-21 10:07,0,8,3.491075006,136.0,Either,TPH,EYF,2027-10-22,TPH,EYF,8525.0,2027-10-22 18:57,2027-10-22 20:18,2027-10-22 23:57,2027-10-23 01:18,
13,Y,18,ERW,EYF,AZ20271020TPHEYF5897,2027-10-20,TPH,EYF,5897,2027-10-21 3:46,2027-10-21 5:07,2027-10-21 8:46,2027-10-21 10:07,0,8,3.491075006,136.0,Either,TPH,EYF,2027-10-22,TPH,EYF,10112.0,2027-10-22 13:35,2027-10-22 14:56,2027-10-22 18:35,2027-10-22 19:56,
14,Y,11,HHO,NWY,AZ20271021TPHNWY7746,2027-10-21,TPH,NWY,7746,2027-10-22 3:55,2027-10-22 7:32,2027-10-22 8:55,2027-10-22 12:32,0,4,1.386000007,103.0,Either,TPH,NWY,2027-10-22,TPH,NWY,19873.0,2027-10-23 03:57,2027-10-23 07:34,2027-10-23 08:57,2027-10-23 12:34,
14,Y,11,HHO,NWY,AZ20271021TPHNWY7746,2027-10-21,TPH,NWY,7746,2027-10-22 3:55,2027-10-22 7:32,2027-10-22 8:55,2027-10-22 12:32,0,4,1.386000007,103.0,Either,TPH,NWY,2027-10-22,TPH,NWY,8238.0,2027-10-23 01:00,2027-10-23 04:42,2027-10-23 06:00,2027-10-23 09:42,
14,Y,11,HHO,NWY,AZ20271021TPHNWY7746,2027-10-21,TPH,NWY,7746,2027-10-22 3:55,2027-10-22 7:32,2027-10-22 8:55,2027-10-22 12:32,0,4,1.386000007,103.0,Either,TPH,NWY,2027-10-22,TPH,NWY,7746.0,2027-10-23 03:55,2027-10-23 07:32,2027-10-23 08:55,2027-10-23 12:32,
14,Y,11,HHO,NWY,AZ20271021TPHNWY7746,2027-10-21,TPH,NWY,7746,2027-10-22 3:55,2027-10-22 7:32,2027-10-22 8:55,2027-10-22 12:32,0,4,1.386000007,103.0,Either,TPH,NWY,2027-10-22,TPH,NWY,4086.0,2027-10-22 21:35,2027-10-23 01:17,2027-10-23 02:35,2027-10-23 06:17,
15,C,17,ALN,NAD,AZ20271020ALNTPH13462,2027-10-20,ALN,TPH,13462,2027-10-20 19:21,2027-10-21 0:01,2027-10-21 1:21,2027-10-21 5:01,0,1,4.205529716,,Either,ALN,TPH,2027-10-21,ALN,TPH,13462.0,2027-10-21 19:21,2027-10-22 00:01,2027-10-22 01:21,2027-10-22 05:01,
15,C,17,ALN,NAD,AZ20271020ALNTPH13462,2027-10-20,ALN,TPH,13462,2027-10-20 19:21,2027-10-21 0:01,2027-10-21 1:21,2027-10-21 5:01,0,1,4.205529716,,Either,ALN,TPH,2027-10-22,ALN,TPH,6238.0,2027-10-22 12:08,2027-10-22 16:48,2027-10-22 18:08,2027-10-22 21:48,
15,C,17,ALN,NAD,AZ20271020TPHNAD8686,2027-10-20,TPH,NAD,8686,2027-10-21 0:31,2027-10-21 2:48,2027-10-21 5:31,2027-10-21 7:48,0,1,4.205529716,30.0,Either,TPH,NAD,2027-10-22,TPH,NAD,12819.0,2027-10-22 15:22,2027-10-22 17:39,2027-10-22 20:22,2027-10-22 22:39,
15,C,17,ALN,NAD,AZ20271020TPHNAD8686,2027-10-20,TPH,NAD,8686,2027-10-21 0:31,2027-10-21 2:48,2027-10-21 5:31,2027-10-21 7:48,0,1,4.205529716,30.0,Either,TPH,NAD,2027-10-22,TPH,NAD,18287.0,2027-10-22 17:47,2027-10-22 20:04,2027-10-22 22:47,2027-10-23 01:04,
15,C,17,ALN,NAD,AZ20271020TPHNAD8686,2027-10-20,TPH,NAD,8686,2027-10-21 0:31,2027-10-21 2:48,2027-10-21 5:31,2027-10-21 7:48,0,1,4.205529716,30.0,Either,TPH,NAD,2027-10-22,TPH,NAD,8686.0,2027-10-23 00:31,2027-10-23 02:48,2027-10-23 05:31,2027-10-23 07:48,
15,C,17,ALN,NAD,AZ20271020TPHNAD8686,2027-10-20,TPH,NAD,8686,2027-10-21 0:31,2027-10-21 2:48,2027-10-21 5:31,2027-10-21 7:48,0,1,4.205529716,30.0,Either,TPH,NAD,2027-10-21,TPH,NAD,8686.0,2027-10-22 00:31,2027-10-22 02:48,2027-10-22 05:31,2027-10-22 07:48,
15,C,17,ALN,NAD,AZ20271020TPHNAD8686,2027-10-20,TPH,NAD,8686,2027-10-21 0:31,2027-10-21 2:48,2027-10-21 5:31,2027-10-21 7:48,0,1,4.205529716,30.0,Either,TPH,NAD,2027-10-20,TPH,NAD,10818.0,2027-10-21 03:37,2027-10-21 05:54,2027-10-21 08:37,2027-10-21 10:54,
15,C,17,ALN,NAD,AZ20271020TPHNAD8686,2027-10-20,TPH,NAD,8686,2027-10-21 0:31,2027-10-21 2:48,2027-10-21 5:31,2027-10-21 7:48,0,1,4.205529716,30.0,Either,TPH,NAD,2027-10-21,TPH,NAD,5528.0,2027-10-21 21:32,2027-10-21 23:49,2027-10-22 02:32,2027-10-22 04:49,
16,C,8,NWY,TPH,AZ20271022NWYTPH14133,2027-10-22,NWY,TPH,14133,2027-10-22 8:45,2027-10-22 12:26,2027-10-22 13:45,2027-10-22 17:26,0,1,3.807354922,,Either,NWY,TPH,2027-10-22,NWY,TPH,13488.0,2027-10-22 22:56,2027-10-23 02:37,2027-10-23 03:56,2027-10-23 07:37,
16,C,8,NWY,TPH,AZ20271022NWYTPH14133,2027-10-22,NWY,TPH,14133,2027-10-22 8:45,2027-10-22 12:26,2027-10-22 13:45,2027-10-22 17:26,0,1,3.807354922,,Either,NWY,TPH,2027-10-23,NWY,TPH,12866.0,2027-10-23 12:49,2027-10-23 16:30,2027-10-23 17:49,2027-10-23 21:30,
17,C,17,MHI,VUY,AZ20271020TPHVUY14711,2027-10-20,TPH,VUY,14711,2027-10-20 21:44,2027-10-20 22:10,2027-10-21 2:44,2027-10-21 4:10,0,2,4.933178998,127.0,Either,TPH,VUY,2027-10-21,TPH,VUY,14711.0,2027-10-21 21:44,2027-10-21 22:10,2027-10-22 02:44,2027-10-22 04:10,
17,C,17,MHI,VUY,AZ20271020TPHVUY14711,2027-10-20,TPH,VUY,14711,2027-10-20 21:44,2027-10-20 22:10,2027-10-21 2:44,2027-10-21 4:10,0,2,4.933178998,127.0,Either,TPH,VUY,2027-10-22,TPH,VUY,109.0,2027-10-22 18:21,2027-10-22 18:47,2027-10-22 23:21,2027-10-23 00:47,
17,C,17,MHI,VUY,AZ20271020TPHVUY14711,2027-10-20,TPH,VUY,14711,2027-10-20 21:44,2027-10-20 22:10,2027-10-21 2:44,2027-10-21 4:10,0,2,4.933178998,127.0,Either,TPH,VUY,2027-10-21,TPH,VUY,19976.0,2027-10-21 13:36,2027-10-21 14:02,2027-10-21 18:36,2027-10-21 20:02,
17,C,17,MHI,VUY,AZ20271020TPHVUY14711,2027-10-20,TPH,VUY,14711,2027-10-20 21:44,2027-10-20 22:10,2027-10-21 2:44,2027-10-21 4:10,0,2,4.933178998,127.0,Either,TPH,VUY,2027-10-22,TPH,VUY,2154.0,2027-10-22 13:44,2027-10-22 14:10,2027-10-22 18:44,2027-10-22 20:10,
17,C,17,MHI,VUY,AZ20271020TPHVUY14711,2027-10-20,TPH,VUY,14711,2027-10-20 21:44,2027-10-20 22:10,2027-10-21 2:44,2027-10-21 4:10,0,2,4.933178998,127.0,Either,TPH,VUY,2027-10-22,TPH,VUY,17637.0,2027-10-22 15:33,2027-10-22 15:59,2027-10-22 20:33,2027-10-22 21:59,
17,C,17,MHI,VUY,AZ20271020TPHVUY14711,2027-10-20,TPH,VUY,14711,2027-10-20 21:44,2027-10-20 22:10,2027-10-21 2:44,2027-10-21 4:10,0,2,4.933178998,127.0,Either,TPH,VUY,2027-10-22,TPH,VUY,14711.0,2027-10-22 21:44,2027-10-22 22:10,2027-10-23 02:44,2027-10-23 04:10,
18,Y,18,BJQ,PSX,AZ20271020TPHPSX826,2027-10-20,TPH,PSX,826,2027-10-20 17:56,2027-10-20 18:59,2027-10-20 22:56,2027-10-21 0:59,0,1,3.456702887,413.0,Either,TPH,PSX,2027-10-20,TPH,PSX,6156.0,2027-10-21 04:46,2027-10-21 05:49,2027-10-21 09:46,2027-10-21 11:49,
19,Y,23,ALN,TPH,AZ20271022ALNTPH7450,2027-10-22,ALN,TPH,7450,2027-10-22 16:03,2027-10-22 20:43,2027-10-22 22:03,2027-10-23 1:43,0,1,2.0,,Either,ALN,TPH,2027-10-23,ALN,TPH,13462.0,2027-10-23 19:21,2027-10-24 00:01,2027-10-24 01:21,2027-10-24 05:01,
19,Y,23,ALN,TPH,AZ20271022ALNTPH7450,2027-10-22,ALN,TPH,7450,2027-10-22 16:03,2027-10-22 20:43,2027-10-22 22:03,2027-10-23 1:43,0,1,2.0,,Either,ALN,TPH,2027-10-23,ALN,TPH,7371.0,2027-10-23 08:08,2027-10-23 12:45,2027-10-23 14:08,2027-10-23 17:45,
19,Y,23,ALN,TPH,AZ20271022ALNTPH7450,2027-10-22,ALN,TPH,7450,2027-10-22 16:03,2027-10-22 20:43,2027-10-22 22:03,2027-10-23 1:43,0,1,2.0,,Either,ALN,TPH,2027-10-24,ALN,TPH,7371.0,2027-10-24 08:08,2027-10-24 12:45,2027-10-24 14:08,2027-10-24 17:45,
19,Y,23,ALN,TPH,AZ20271022ALNTPH7450,2027-10-22,ALN,TPH,7450,2027-10-22 16:03,2027-10-22 20:43,2027-10-22 22:03,2027-10-23 1:43,0,1,2.0,,Either,ALN,TPH,2027-10-23,ALN,TPH,6238.0,2027-10-23 12:08,2027-10-23 16:48,2027-10-23 18:08,2027-10-23 21:48,
20,Y,11,EYF,BPJ,AZ20271021EYFTPH7127,2027-10-21,EYF,TPH,7127,2027-10-21 18:37,2027-10-21 20:05,2027-10-21 23:37,2027-10-22 1:05,0,2,2.431977522,,Either,EYF,TPH,2027-10-22,EYF,TPH,14730.0,2027-10-22 15:53,2027-10-22 17:21,2027-10-22 20:53,2027-10-22 22:21,
20,Y,11,EYF,BPJ,AZ20271021EYFTPH7127,2027-10-21,EYF,TPH,7127,2027-10-21 18:37,2027-10-21 20:05,2027-10-21 23:37,2027-10-22 1:05,0,2,2.431977522,,Either,EYF,TPH,2027-10-23,EYF,TPH,19533.0,2027-10-23 12:53,2027-10-23 14:21,2027-10-23 17:53,2027-10-23 19:21,
20,Y,11,EYF,BPJ,AZ20271021EYFTPH7127,2027-10-21,EYF,TPH,7127,2027-10-21 18:37,2027-10-21 20:05,2027-10-21 23:37,2027-10-22 1:05,0,2,2.431977522,,Either,EYF,TPH,2027-10-23,EYF,TPH,8027.0,2027-10-23 15:41,2027-10-23 17:09,2027-10-23 20:41,2027-10-23 22:09,
20,Y,11,EYF,BPJ,AZ20271021EYFTPH7127,2027-10-21,EYF,TPH,7127,2027-10-21 18:37,2027-10-21 20:05,2027-10-21 23:37,2027-10-22 1:05,0,2,2.431977522,,Either,EYF,TPH,2027-10-22,EYF,TPH,3093.0,2027-10-22 11:03,2027-10-22 12:31,2027-10-22 16:03,2027-10-22 17:31,
20,Y,11,EYF,BPJ,AZ20271021EYFTPH7127,2027-10-21,EYF,TPH,7127,2027-10-21 18:37,2027-10-21 20:05,2027-10-21 23:37,2027-10-22 1:05,0,2,2.431977522,,Either,EYF,TPH,2027-10-21,EYF,TPH,17051.0,2027-10-22 00:08,2027-10-22 01:36,2027-10-22 05:08,2027-10-22 06:36,
21,Y,0,CEF,ALN,AZ20271022CEFTPH9629,2027-10-22,CEF,TPH,9629,2027-10-22 9:24,2027-10-22 11:19,2027-10-22 14:24,2027-10-22 16:19,0,1,1.248999998,,Either,CEF,TPH,2027-10-22,CEF,TPH,115.0,2027-10-23 00:49,2027-10-23 02:44,2027-10-23 05:49,2027-10-23 07:44,
21,Y,0,CEF,ALN,AZ20271022CEFTPH9629,2027-10-22,CEF,TPH,9629,2027-10-22 9:24,2027-10-22 11:19,2027-10-22 14:24,2027-10-22 16:19,0,1,1.248999998,,Either,CEF,TPH,2027-10-24,CEF,TPH,9629.0,2027-10-24 09:24,2027-10-24 11:19,2027-10-24 14:24,2027-10-24 16:19,
22,Y,11,JDP,PSX,AZ20271020JDPTPH8350,2027-10-20,JDP,TPH,8350,2027-10-20 22:40,2027-10-21 1:23,2027-10-21 4:40,2027-10-21 6:23,0,2,2.249482839,,Either,JDP,TPH,2027-10-21,JDP,TPH,15100.0,2027-10-21 20:05,2027-10-21 22:48,2027-10-22 01:05,2027-10-22 03:48,
22,Y,11,JDP,PSX,AZ20271020JDPTPH8350,2027-10-20,JDP,TPH,8350,2027-10-20 22:40,2027-10-21 1:23,2027-10-21 4:40,2027-10-21 6:23,0,2,2.249482839,,Either,JDP,TPH,2027-10-22,JDP,TPH,15100.0,2027-10-22 20:05,2027-10-22 22:48,2027-10-23 01:05,2027-10-23 03:48,
22,Y,11,JDP,PSX,AZ20271020JDPTPH8350,2027-10-20,JDP,TPH,8350,2027-10-20 22:40,2027-10-21 1:23,2027-10-21 4:40,2027-10-21 6:23,0,2,2.249482839,,Either,JDP,TPH,2027-10-22,JDP,TPH,19123.0,2027-10-22 17:49,2027-10-22 20:30,2027-10-22 22:49,2027-10-23 01:30,
22,Y,11,JDP,PSX,AZ20271020JDPTPH8350,2027-10-20,JDP,TPH,8350,2027-10-20 22:40,2027-10-21 1:23,2027-10-21 4:40,2027-10-21 6:23,0,2,2.249482839,,Either,JDP,TPH,2027-10-22,JDP,TPH,16414.0,2027-10-22 14:10,2027-10-22 16:51,2027-10-22 19:10,2027-10-22 21:51,
22,Y,11,JDP,PSX,AZ20271020JDPTPH8350,2027-10-20,JDP,TPH,8350,2027-10-20 22:40,2027-10-21 1:23,2027-10-21 4:40,2027-10-21 6:23,0,2,2.249482839,,Either,JDP,TPH,2027-10-22,JDP,TPH,1125.0,2027-10-22 22:50,2027-10-23 01:33,2027-10-23 03:50,2027-10-23 06:33,
22,Y,11,JDP,PSX,AZ20271020JDPTPH8350,2027-10-20,JDP,TPH,8350,2027-10-20 22:40,2027-10-21 1:23,2027-10-21 4:40,2027-10-21 6:23,0,2,2.249482839,,Either,JDP,TPH,2027-10-21,JDP,TPH,19123.0,2027-10-21 17:49,2027-10-21 20:30,2027-10-21 22:49,2027-10-22 01:30,
22,Y,11,JDP,PSX,AZ20271020JDPTPH8350,2027-10-20,JDP,TPH,8350,2027-10-20 22:40,2027-10-21 1:23,2027-10-21 4:40,2027-10-21 6:23,0,2,2.249482839,,Either,JDP,TPH,2027-10-22,JDP,TPH,19671.0,2027-10-22 18:05,2027-10-22 20:46,2027-10-22 23:05,2027-10-23 01:46,
23,Y,14,CIA,OSW,AZ20271021TPHOSW2173,2027-10-21,TPH,OSW,2173,2027-10-21 13:48,2027-10-21 16:28,2027-10-21 18:48,2027-10-21 21:28,0,2,5.414255519,50.0,Either,TPH,OSW,2027-10-23,TPH,OSW,2173.0,2027-10-23 13:48,2027-10-23 16:28,2027-10-23 18:48,2027-10-23 21:28,
23,Y,14,CIA,OSW,AZ20271021TPHOSW2173,2027-10-21,TPH,OSW,2173,2027-10-21 13:48,2027-10-21 16:28,2027-10-21 18:48,2027-10-21 21:28,0,2,5.414255519,50.0,Either,TPH,OSW,2027-10-22,TPH,OSW,5582.0,2027-10-22 15:45,2027-10-22 18:25,2027-10-22 20:45,2027-10-22 23:25,
23,Y,14,CIA,OSW,AZ20271021TPHOSW2173,2027-10-21,TPH,OSW,2173,2027-10-21 13:48,2027-10-21 16:28,2027-10-21 18:48,2027-10-21 21:28,0,2,5.414255519,50.0,Either,TPH,OSW,2027-10-22,TPH,OSW,17806.0,2027-10-23 04:02,2027-10-23 06:42,2027-10-23 09:02,2027-10-23 11:42,
23,Y,14,CIA,OSW,AZ20271021TPHOSW2173,2027-10-21,TPH,OSW,2173,2027-10-21 13:48,2027-10-21 16:28,2027-10-21 18:48,2027-10-21 21:28,0,2,5.414255519,50.0,Either,TPH,OSW,2027-10-21,TPH,OSW,3559.0,2027-10-22 01:02,2027-10-22 03:42,2027-10-22 06:02,2027-10-22 08:42,
24,Y,0,IJA,QXG,AZ20271022IJATPH19852,2027-10-22,IJA,TPH,19852,2027-10-22 12:57,2027-10-22 14:18,2027-10-22 17:57,2027-10-22 19:18,0,2,1.101000004,,Either,IJA,TPH,2027-10-24,IJA,TPH,19852.0,2027-10-24 12:57,2027-10-24 14:18,2027-10-24 17:57,2027-10-24 19:18,
24,Y,0,IJA,QXG,AZ20271022IJATPH19852,2027-10-22,IJA,TPH,19852,2027-10-22 12:57,2027-10-22 14:18,2027-10-22 17:57,2027-10-22 19:18,0,2,1.101000004,,Either,IJA,TPH,2027-10-22,IJA,TPH,18620.0,2027-10-22 21:07,2027-10-22 22:28,2027-10-23 02:07,2027-10-23 03:28,
24,Y,0,IJA,QXG,AZ20271022IJATPH19852,2027-10-22,IJA,TPH,19852,2027-10-22 12:57,2027-10-22 14:18,2027-10-22 17:57,2027-10-22 19:18,0,2,1.101000004,,Either,IJA,TPH,2027-10-23,IJA,TPH,3761.0,2027-10-23 18:18,2027-10-23 19:39,2027-10-23 23:18,2027-10-24 00:39,
24,Y,0,IJA,QXG,AZ20271022IJATPH19852,2027-10-22,IJA,TPH,19852,2027-10-22 12:57,2027-10-22 14:18,2027-10-22 17:57,2027-10-22 19:18,0,2,1.101000004,,Either,IJA,TPH,2027-10-23,IJA,TPH,13785.0,2027-10-23 15:51,2027-10-23 17:12,2027-10-23 20:51,2027-10-23 22:12,
25,Y,11,NAD,VUY,AZ20271020TPHVUY14711,2027-10-20,TPH,VUY,14711,2027-10-20 21:44,2027-10-20 22:10,2027-10-21 2:44,2027-10-21 4:10,0,1,3.657925007,61.0,Either,TPH,VUY,2027-10-20,TPH,VUY,11871.0,2027-10-21 03:35,2027-10-21 04:01,2027-10-21 08:35,2027-10-21 10:01,
25,Y,11,NAD,VUY,AZ20271020TPHVUY14711,2027-10-20,TPH,VUY,14711,2027-10-20 21:44,2027-10-20 22:10,2027-10-21 2:44,2027-10-21 4:10,0,1,3.657925007,61.0,Either,TPH,QXG,2027-10-22,TPH,QXG,14385.0,2027-10-22 13:40,2027-10-22 15:08,2027-10-22 18:40,2027-10-22 21:08,
25,Y,11,NAD,VUY,AZ20271020TPHVUY14711,2027-10-20,TPH,VUY,14711,2027-10-20 21:44,2027-10-20 22:10,2027-10-21 2:44,2027-10-21 4:10,0,1,3.657925007,61.0,Either,QXG,VUY,2027-10-22,QXG,VUY,8894.0,2027-10-22 15:31,2027-10-22 17:13,2027-10-22 21:31,2027-10-22 23:13,88.0
25,Y,11,NAD,VUY,AZ20271020TPHVUY14711,2027-10-20,TPH,VUY,14711,2027-10-20 21:44,2027-10-20 22:10,2027-10-21 2:44,2027-10-21 4:10,0,1,3.657925007,61.0,Either,TPH,VUY,2027-10-21,TPH,VUY,14711.0,2027-10-21 21:44,2027-10-21 22:10,2027-10-22 02:44,2027-10-22 04:10,
25,Y,11,NAD,VUY,AZ20271020TPHVUY14711,2027-10-20,TPH,VUY,14711,2027-10-20 21:44,2027-10-20 22:10,2027-10-21 2:44,2027-10-21 4:10,0,1,3.657925007,61.0,Either,TPH,VUY,2027-10-22,TPH,VUY,19976.0,2027-10-22 13:36,2027-10-22 14:02,2027-10-22 18:36,2027-10-22 20:02,
25,Y,11,NAD,VUY,AZ20271020TPHVUY14711,2027-10-20,TPH,VUY,14711,2027-10-20 21:44,2027-10-20 22:10,2027-10-21 2:44,2027-10-21 4:10,0,1,3.657925007,61.0,Either,TPH,VUY,2027-10-22,TPH,VUY,14711.0,2027-10-22 21:44,2027-10-22 22:10,2027-10-23 02:44,2027-10-23 04:10,
26,Y,11,RZD,OYC,AZ20271020TPHOYC15133,2027-10-20,TPH,OYC,15133,2027-10-20 15:26,2027-10-20 18:29,2027-10-20 20:26,2027-10-20 22:29,0,8,1.666999996,233.0,,,,,,,,,,,,
27,Y,24,EID,GIW,AZ20271021EIDTPH2049,2027-10-21,EID,TPH,2049,2027-10-21 18:14,2027-10-21 19:48,2027-10-21 23:14,2027-10-22 0:48,0,1,4.170060033,,Either,EID,TPH,2027-10-22,EID,TPH,2049.0,2027-10-22 18:14,2027-10-22 19:48,2027-10-22 23:14,2027-10-23 00:48,
27,Y,24,EID,GIW,AZ20271021EIDTPH2049,2027-10-21,EID,TPH,2049,2027-10-21 18:14,2027-10-21 19:48,2027-10-21 23:14,2027-10-22 0:48,0,1,4.170060033,,Either,EID,TPH,2027-10-23,EID,TPH,19272.0,2027-10-23 11:08,2027-10-23 12:42,2027-10-23 16:08,2027-10-23 17:42,
27,Y,24,EID,GIW,AZ20271021EIDTPH2049,2027-10-21,EID,TPH,2049,2027-10-21 18:14,2027-10-21 19:48,2027-10-21 23:14,2027-10-22 0:48,0,1,4.170060033,,Either,EID,TPH,2027-10-23,EID,TPH,2049.0,2027-10-23 18:14,2027-10-23 19:48,2027-10-23 23:14,2027-10-24 00:48,
27,Y,24,EID,GIW,AZ20271021EIDTPH2049,2027-10-21,EID,TPH,2049,2027-10-21 18:14,2027-10-21 19:48,2027-10-21 23:14,2027-10-22 0:48,0,1,4.170060033,,Either,EID,TPH,2027-10-22,EID,TPH,19272.0,2027-10-22 11:08,2027-10-22 12:42,2027-10-22 16:08,2027-10-22 17:42,
27,Y,24,EID,GIW,AZ20271021TPHGIW15865,2027-10-21,TPH,GIW,15865,2027-10-22 4:42,2027-10-22 9:33,2027-10-22 9:42,2027-10-22 14:33,0,1,4.170060033,534.0,Either,TPH,GIW,2027-10-22,TPH,GIW,15865.0,2027-10-23 04:42,2027-10-23 09:33,2027-10-23 09:42,2027-10-23 14:33,
27,Y,24,EID,GIW,AZ20271021TPHGIW15865,2027-10-21,TPH,GIW,15865,2027-10-22 4:42,2027-10-22 9:33,2027-10-22 9:42,2027-10-22 14:33,0,1,4.170060033,534.0,Either,TPH,GIW,2027-10-23,TPH,GIW,15865.0,2027-10-24 04:42,2027-10-24 09:33,2027-10-24 09:42,2027-10-24 14:33,
27,Y,24,EID,GIW,AZ20271021TPHGIW15865,2027-10-21,TPH,GIW,15865,2027-10-22 4:42,2027-10-22 9:33,2027-10-22 9:42,2027-10-22 14:33,0,1,4.170060033,534.0,Either,TPH,GIW,2027-10-23,TPH,GIW,9000.0,2027-10-23 15:31,2027-10-23 20:22,2027-10-23 20:31,2027-10-24 01:22,
28,Y,20,OLT,KHL,AZ20271020TPHKHL2510,2027-10-20,TPH,KHL,2510,2027-10-20 21:26,2027-10-21 6:28,2027-10-21 2:26,2027-10-21 9:28,0,3,5.268458418,281.0,Either,TPH,KHL,2027-10-22,TPH,KHL,5917.0,2027-10-22 18:08,2027-10-23 03:14,2027-10-22 23:08,2027-10-23 06:14,
29,Y,19,TPH,NAD,AZ20271021TPHNAD12819,2027-10-21,TPH,NAD,12819,2027-10-21 15:22,2027-10-21 17:39,2027-10-21 20:22,2027-10-21 22:39,0,2,3.03373,,Either,TPH,NAD,2027-10-21,TPH,NAD,5528.0,2027-10-21 21:32,2027-10-21 23:49,2027-10-22 02:32,2027-10-22 04:49,
29,Y,19,TPH,NAD,AZ20271021TPHNAD12819,2027-10-21,TPH,NAD,12819,2027-10-21 15:22,2027-10-21 17:39,2027-10-21 20:22,2027-10-21 22:39,0,2,3.03373,,Either,TPH,NAD,2027-10-22,TPH,NAD,12819.0,2027-10-22 15:22,2027-10-22 17:39,2027-10-22 20:22,2027-10-22 22:39,
29,Y,19,TPH,NAD,AZ20271021TPHNAD12819,2027-10-21,TPH,NAD,12819,2027-10-21 15:22,2027-10-21 17:39,2027-10-21 20:22,2027-10-21 22:39,0,2,3.03373,,Either,TPH,NAD,2027-10-22,TPH,NAD,10818.0,2027-10-23 03:37,2027-10-23 05:54,2027-10-23 08:37,2027-10-23 10:54,
29,Y,19,TPH,NAD,AZ20271021TPHNAD12819,2027-10-21,TPH,NAD,12819,2027-10-21 15:22,2027-10-21 17:39,2027-10-21 20:22,2027-10-21 22:39,0,2,3.03373,,Either,TPH,NAD,2027-10-22,TPH,NAD,18287.0,2027-10-22 17:47,2027-10-22 20:04,2027-10-22 22:47,2027-10-23 01:04,
30,Y,11,TPH,ALN,AZ20271020TPHALN8203,2027-10-20,TPH,ALN,8203,2027-10-20 15:25,2027-10-20 18:22,2027-10-20 20:25,2027-10-21 0:22,0,2,2.439999998,,Either,TPH,ALN,2027-10-21,TPH,ALN,18534.0,2027-10-22 01:11,2027-10-22 04:18,2027-10-22 06:11,2027-10-22 10:18,
31,Y,4,TPH,RZD,AZ20271020TPHRZD8719,2027-10-20,TPH,RZD,8719,2027-10-21 3:38,2027-10-21 11:49,2027-10-21 8:38,2027-10-21 14:49,0,1,0.444999993,,Either,TPH,RZD,2027-10-22,TPH,RZD,8719.0,2027-10-23 03:38,2027-10-23 11:49,2027-10-23 08:38,2027-10-23 14:49,
31,Y,4,TPH,RZD,AZ20271020TPHRZD8719,2027-10-20,TPH,RZD,8719,2027-10-21 3:38,2027-10-21 11:49,2027-10-21 8:38,2027-10-21 14:49,0,1,0.444999993,,Either,TPH,RZD,2027-10-22,TPH,RZD,17197.0,2027-10-22 21:53,2027-10-23 06:10,2027-10-23 02:53,2027-10-23 09:10,
31,Y,4,TPH,RZD,AZ20271020TPHRZD8719,2027-10-20,TPH,RZD,8719,2027-10-21 3:38,2027-10-21 11:49,2027-10-21 8:38,2027-10-21 14:49,0,1,0.444999993,,Either,TPH,RZD,2027-10-21,TPH,RZD,8719.0,2027-10-22 03:38,2027-10-22 11:49,2027-10-22 08:38,2027-10-22 14:49,
32,Y,0,QHP,TPH,AZ20271021QHPTPH16478,2027-10-21,QHP,TPH,16478,2027-10-21 19:48,2027-10-21 22:57,2027-10-22 0:48,2027-10-22 3:57,0,1,2.256000012,,Either,QHP,TPH,2027-10-22,QHP,TPH,4704.0,2027-10-22 23:31,2027-10-23 02:40,2027-10-23 04:31,2027-10-23 07:40,
32,Y,0,QHP,TPH,AZ20271021QHPTPH16478,2027-10-21,QHP,TPH,16478,2027-10-21 19:48,2027-10-21 22:57,2027-10-22 0:48,2027-10-22 3:57,0,1,2.256000012,,Either,QHP,TPH,2027-10-23,QHP,TPH,2890.0,2027-10-23 13:44,2027-10-23 16:53,2027-10-23 18:44,2027-10-23 21:53,
32,Y,0,QHP,TPH,AZ20271021QHPTPH16478,2027-10-21,QHP,TPH,16478,2027-10-21 19:48,2027-10-21 22:57,2027-10-22 0:48,2027-10-22 3:57,0,1,2.256000012,,Either,QHP,TPH,2027-10-22,QHP,TPH,19553.0,2027-10-22 19:16,2027-10-22 22:25,2027-10-23 00:16,2027-10-23 03:25,
32,Y,0,QHP,TPH,AZ20271021QHPTPH16478,2027-10-21,QHP,TPH,16478,2027-10-21 19:48,2027-10-21 22:57,2027-10-22 0:48,2027-10-22 3:57,0,1,2.256000012,,Either,QHP,TPH,2027-10-22,QHP,TPH,2890.0,2027-10-22 13:44,2027-10-22 16:53,2027-10-22 18:44,2027-10-22 21:53,
33,Y,1,IPF,OSW,AZ20271020TPHOSW17806,2027-10-20,TPH,OSW,17806,2027-10-21 4:02,2027-10-21 6:42,2027-10-21 9:02,2027-10-21 11:42,0,2,5.178054197,108.0,Either,TPH,OSW,2027-10-22,TPH,OSW,2173.0,2027-10-22 13:48,2027-10-22 16:28,2027-10-22 18:48,2027-10-22 21:28,
33,Y,1,IPF,OSW,AZ20271020TPHOSW17806,2027-10-20,TPH,OSW,17806,2027-10-21 4:02,2027-10-21 6:42,2027-10-21 9:02,2027-10-21 11:42,0,2,5.178054197,108.0,Either,TPH,OSW,2027-10-21,TPH,OSW,3559.0,2027-10-22 01:02,2027-10-22 03:42,2027-10-22 06:02,2027-10-22 08:42,
33,Y,1,IPF,OSW,AZ20271020TPHOSW17806,2027-10-20,TPH,OSW,17806,2027-10-21 4:02,2027-10-21 6:42,2027-10-21 9:02,2027-10-21 11:42,0,2,5.178054197,108.0,Either,TPH,OSW,2027-10-22,TPH,OSW,17806.0,2027-10-23 04:02,2027-10-23 06:42,2027-10-23 09:02,2027-10-23 11:42,
34,Y,21,TZJ,PGM,AZ20271020TZJTPH13898,2027-10-20,TZJ,TPH,13898,2027-10-20 17:40,2027-10-20 19:30,2027-10-20 22:40,2027-10-21 0:30,0,1,2.393462836,,Either,TZJ,TPH,2027-10-22,TZJ,TPH,16021.0,2027-10-22 12:32,2027-10-22 14:22,2027-10-22 17:32,2027-10-22 19:22,
34,Y,21,TZJ,PGM,AZ20271020TZJTPH13898,2027-10-20,TZJ,TPH,13898,2027-10-20 17:40,2027-10-20 19:30,2027-10-20 22:40,2027-10-21 0:30,0,1,2.393462836,,Either,TZJ,TPH,2027-10-21,TZJ,TPH,11611.0,2027-10-22 00:21,2027-10-22 02:11,2027-10-22 05:21,2027-10-22 07:11,
34,Y,21,TZJ,PGM,AZ20271020TZJTPH13898,2027-10-20,TZJ,TPH,13898,2027-10-20 17:40,2027-10-20 19:30,2027-10-20 22:40,2027-10-21 0:30,0,1,2.393462836,,Either,TZJ,TPH,2027-10-22,TZJ,TPH,13898.0,2027-10-22 17:40,2027-10-22 19:30,2027-10-22 22:40,2027-10-23 00:30,
34,Y,21,TZJ,PGM,AZ20271020TZJTPH13898,2027-10-20,TZJ,TPH,13898,2027-10-20 17:40,2027-10-20 19:30,2027-10-20 22:40,2027-10-21 0:30,0,1,2.393462836,,Either,TZJ,TPH,2027-10-21,TZJ,TPH,13898.0,2027-10-21 17:40,2027-10-21 19:30,2027-10-21 22:40,2027-10-22 00:30,
34,Y,21,TZJ,PGM,AZ20271020TZJTPH13898,2027-10-20,TZJ,TPH,13898,2027-10-20 17:40,2027-10-20 19:30,2027-10-20 22:40,2027-10-21 0:30,0,1,2.393462836,,Either,TZJ,TPH,2027-10-21,TZJ,TPH,4583.0,2027-10-21 12:23,2027-10-21 14:13,2027-10-21 17:23,2027-10-21 19:13,
34,Y,21,TZJ,PGM,AZ20271020TZJTPH13898,2027-10-20,TZJ,TPH,13898,2027-10-20 17:40,2027-10-20 19:30,2027-10-20 22:40,2027-10-21 0:30,0,1,2.393462836,,Either,TZJ,TPH,2027-10-21,TZJ,TPH,16021.0,2027-10-21 12:32,2027-10-21 14:22,2027-10-21 17:32,2027-10-21 19:22,
34,Y,21,TZJ,PGM,AZ20271020TPHPGM8800,2027-10-20,TPH,PGM,8800,2027-10-21 4:41,2027-10-21 5:50,2027-10-21 9:41,2027-10-21 11:50,0,1,2.393462836,551.0,Either,TPH,PGM,2027-10-22,TPH,PGM,8800.0,2027-10-23 04:41,2027-10-23 05:50,2027-10-23 09:41,2027-10-23 11:50,
35,Y,11,TPH,AGQ,AZ20271020TPHAGQ17373,2027-10-20,TPH,AGQ,17373,2027-10-20 18:59,2027-10-20 22:12,2027-10-20 23:59,2027-10-21 3:12,0,2,2.345999986,,Either,TPH,AGQ,2027-10-22,TPH,AGQ,17373.0,2027-10-22 18:59,2027-10-22 22:12,2027-10-22 23:59,2027-10-23 03:12,
35,Y,11,TPH,AGQ,AZ20271020TPHAGQ17373,2027-10-20,TPH,AGQ,17373,2027-10-20 18:59,2027-10-20 22:12,2027-10-20 23:59,2027-10-21 3:12,0,2,2.345999986,,Either,TPH,AGQ,2027-10-21,TPH,AGQ,17373.0,2027-10-21 18:59,2027-10-21 22:12,2027-10-21 23:59,2027-10-22 03:12,
36,Y,20,EID,JDP,AZ20271021EIDTPH19272,2027-10-21,EID,TPH,19272,2027-10-21 11:08,2027-10-21 12:42,2027-10-21 16:08,2027-10-21 17:42,0,1,3.694849992,,Either,EID,TPH,2027-10-23,EID,TPH,19272.0,2027-10-23 11:08,2027-10-23 12:42,2027-10-23 16:08,2027-10-23 17:42,
36,Y,20,EID,JDP,AZ20271021EIDTPH19272,2027-10-21,EID,TPH,19272,2027-10-21 11:08,2027-10-21 12:42,2027-10-21 16:08,2027-10-21 17:42,0,1,3.694849992,,Either,EID,TPH,2027-10-22,EID,TPH,19272.0,2027-10-22 11:08,2027-10-22 12:42,2027-10-22 16:08,2027-10-22 17:42,
36,Y,20,EID,JDP,AZ20271021TPHJDP4203,2027-10-21,TPH,JDP,4203,2027-10-21 14:12,2027-10-21 17:05,2027-10-21 19:12,2027-10-21 23:05,0,1,3.694849992,90.0,Either,TPH,JDP,2027-10-23,TPH,JDP,12048.0,2027-10-23 13:56,2027-10-23 16:49,2027-10-23 18:56,2027-10-23 21:49,
36,Y,20,EID,JDP,AZ20271021TPHJDP4203,2027-10-21,TPH,JDP,4203,2027-10-21 14:12,2027-10-21 17:05,2027-10-21 19:12,2027-10-21 23:05,0,1,3.694849992,90.0,Either,TPH,JDP,2027-10-22,TPH,JDP,6699.0,2027-10-22 18:27,2027-10-22 21:20,2027-10-22 23:27,2027-10-23 02:20,
36,Y,20,EID,JDP,AZ20271021TPHJDP4203,2027-10-21,TPH,JDP,4203,2027-10-21 14:12,2027-10-21 17:05,2027-10-21 19:12,2027-10-21 23:05,0,1,3.694849992,90.0,Either,TPH,JDP,2027-10-21,TPH,JDP,6704.0,2027-10-22 00:53,2027-10-22 03:43,2027-10-22 05:53,2027-10-22 08:43,
36,Y,20,EID,JDP,AZ20271021TPHJDP4203,2027-10-21,TPH,JDP,4203,2027-10-21 14:12,2027-10-21 17:05,2027-10-21 19:12,2027-10-21 23:05,0,1,3.694849992,90.0,Either,TPH,JDP,2027-10-22,TPH,JDP,11398.0,2027-10-23 03:41,2027-10-23 06:31,2027-10-23 08:41,2027-10-23 11:31,
36,Y,20,EID,JDP,AZ20271021TPHJDP4203,2027-10-21,TPH,JDP,4203,2027-10-21 14:12,2027-10-21 17:05,2027-10-21 19:12,2027-10-21 23:05,0,1,3.694849992,90.0,Either,TPH,JDP,2027-10-22,TPH,JDP,15580.0,2027-10-22 16:10,2027-10-22 19:03,2027-10-22 21:10,2027-10-23 00:03,
36,Y,20,EID,JDP,AZ20271021TPHJDP4203,2027-10-21,TPH,JDP,4203,2027-10-21 14:12,2027-10-21 17:05,2027-10-21 19:12,2027-10-21 23:05,0,1,3.694849992,90.0,Either,TPH,JDP,2027-10-23,TPH,JDP,4203.0,2027-10-23 14:12,2027-10-23 17:05,2027-10-23 19:12,2027-10-23 22:05,
37,Y,0,QXG,IJA,AZ20271022QXGTPH2732,2027-10-22,QXG,TPH,2732,2027-10-22 13:31,2027-10-22 16:56,2027-10-22 19:31,2027-10-22 21:56,0,6,1.423000008,,Either,QXG,VUY,2027-10-22,QXG,VUY,8894.0,2027-10-22 15:31,2027-10-22 17:13,2027-10-22 21:31,2027-10-22 23:13,
37,Y,0,QXG,IJA,AZ20271022QXGTPH2732,2027-10-22,QXG,TPH,2732,2027-10-22 13:31,2027-10-22 16:56,2027-10-22 19:31,2027-10-22 21:56,0,6,1.423000008,,Either,VUY,TPH,2027-10-22,VUY,TPH,2927.0,2027-10-22 23:08,2027-10-23 01:32,2027-10-23 05:08,2027-10-23 06:32,102.0
37,Y,0,QXG,IJA,AZ20271022QXGTPH2732,2027-10-22,QXG,TPH,2732,2027-10-22 13:31,2027-10-22 16:56,2027-10-22 19:31,2027-10-22 21:56,0,6,1.423000008,,Either,QXG,VUY,2027-10-23,QXG,VUY,8894.0,2027-10-23 15:31,2027-10-23 17:13,2027-10-23 21:31,2027-10-23 23:13,
37,Y,0,QXG,IJA,AZ20271022QXGTPH2732,2027-10-22,QXG,TPH,2732,2027-10-22 13:31,2027-10-22 16:56,2027-10-22 19:31,2027-10-22 21:56,0,6,1.423000008,,Either,VUY,TPH,2027-10-23,VUY,TPH,4376.0,2027-10-24 00:26,2027-10-24 02:50,2027-10-24 06:26,2027-10-24 07:50,102.0
37,Y,0,QXG,IJA,AZ20271022QXGTPH2732,2027-10-22,QXG,TPH,2732,2027-10-22 13:31,2027-10-22 16:56,2027-10-22 19:31,2027-10-22 21:56,0,6,1.423000008,,Either,QXG,VUY,2027-10-22,QXG,VUY,8894.0,2027-10-22 15:31,2027-10-22 17:13,2027-10-22 21:31,2027-10-22 23:13,
37,Y,0,QXG,IJA,AZ20271022QXGTPH2732,2027-10-22,QXG,TPH,2732,2027-10-22 13:31,2027-10-22 16:56,2027-10-22 19:31,2027-10-22 21:56,0,6,1.423000008,,Either,VUY,TPH,2027-10-22,VUY,TPH,18329.0,2027-10-22 17:16,2027-10-22 19:40,2027-10-22 23:16,2027-10-23 00:40,102.0
37,Y,0,QXG,IJA,AZ20271022QXGTPH2732,2027-10-22,QXG,TPH,2732,2027-10-22 13:31,2027-10-22 16:56,2027-10-22 19:31,2027-10-22 21:56,0,6,1.423000008,,Either,QXG,VUY,2027-10-23,QXG,VUY,8894.0,2027-10-23 15:31,2027-10-23 17:13,2027-10-23 21:31,2027-10-23 23:13,
37,Y,0,QXG,IJA,AZ20271022QXGTPH2732,2027-10-22,QXG,TPH,2732,2027-10-22 13:31,2027-10-22 16:56,2027-10-22 19:31,2027-10-22 21:56,0,6,1.423000008,,Either,VUY,TPH,2027-10-23,VUY,TPH,8894.0,2027-10-23 18:08,2027-10-23 20:32,2027-10-24 00:08,2027-10-24 01:32,102.0
37,Y,0,QXG,IJA,AZ20271022QXGTPH2732,2027-10-22,QXG,TPH,2732,2027-10-22 13:31,2027-10-22 16:56,2027-10-22 19:31,2027-10-22 21:56,0,6,1.423000008,,Either,QXG,TPH,2027-10-23,QXG,TPH,15389.0,2027-10-23 11:03,2027-10-23 14:28,2027-10-23 17:03,2027-10-23 19:28,
37,Y,0,QXG,IJA,AZ20271022QXGTPH2732,2027-10-22,QXG,TPH,2732,2027-10-22 13:31,2027-10-22 16:56,2027-10-22 19:31,2027-10-22 21:56,0,6,1.423000008,,Either,QXG,TPH,2027-10-24,QXG,TPH,2732.0,2027-10-24 13:31,2027-10-24 16:56,2027-10-24 19:31,2027-10-24 21:56,
37,Y,0,QXG,IJA,AZ20271022QXGTPH2732,2027-10-22,QXG,TPH,2732,2027-10-22 13:31,2027-10-22 16:56,2027-10-22 19:31,2027-10-22 21:56,0,6,1.423000008,,Either,QXG,TPH,2027-10-22,QXG,TPH,5591.0,2027-10-22 23:18,2027-10-23 02:43,2027-10-23 05:18,2027-10-23 07:43,
38,Y,10,OSW,SIQ,AZ20271020TPHSIQ10809,2027-10-20,TPH,SIQ,10809,2027-10-21 0:59,2027-10-21 4:47,2027-10-21 5:59,2027-10-21 8:47,0,1,3.169925001,152.0,Either,TPH,SIQ,2027-10-21,TPH,SIQ,10809.0,2027-10-22 00:59,2027-10-22 04:47,2027-10-22 05:59,2027-10-22 08:47,
39,Y,10,OSW,SIQ,AZ20271020TPHSIQ10809,2027-10-20,TPH,SIQ,10809,2027-10-21 0:59,2027-10-21 4:47,2027-10-21 5:59,2027-10-21 8:47,0,15,3.563944993,152.0,Either,TPH,SIQ,2027-10-22,TPH,SIQ,10809.0,2027-10-23 00:59,2027-10-23 04:47,2027-10-23 05:59,2027-10-23 08:47,
40,Y,18,NWY,ALN,AZ20271020TPHALN8203,2027-10-20,TPH,ALN,8203,2027-10-20 15:25,2027-10-20 18:22,2027-10-20 20:25,2027-10-21 0:22,0,1,2.955462812,179.0,Either,TPH,ALN,2027-10-21,TPH,ALN,8203.0,2027-10-21 15:25,2027-10-21 18:22,2027-10-21 20:25,2027-10-22 00:22,
41,Y,11,EYF,KHL,AZ20271021EYFTPH7127,2027-10-21,EYF,TPH,7127,2027-10-21 18:37,2027-10-21 20:05,2027-10-21 23:37,2027-10-22 1:05,0,1,5.38253843,,Either,EYF,TPH,2027-10-22,EYF,TPH,7127.0,2027-10-22 18:37,2027-10-22 20:05,2027-10-22 23:37,2027-10-23 01:05,
41,Y,11,EYF,KHL,AZ20271021EYFTPH7127,2027-10-21,EYF,TPH,7127,2027-10-21 18:37,2027-10-21 20:05,2027-10-21 23:37,2027-10-22 1:05,0,1,5.38253843,,Either,EYF,TPH,2027-10-22,EYF,TPH,3093.0,2027-10-22 11:03,2027-10-22 12:31,2027-10-22 16:03,2027-10-22 17:31,
41,Y,11,EYF,KHL,AZ20271021EYFTPH7127,2027-10-21,EYF,TPH,7127,2027-10-21 18:37,2027-10-21 20:05,2027-10-21 23:37,2027-10-22 1:05,0,1,5.38253843,,Either,EYF,TPH,2027-10-23,EYF,TPH,3093.0,2027-10-23 11:03,2027-10-23 12:31,2027-10-23 16:03,2027-10-23 17:31,
41,Y,11,EYF,KHL,AZ20271021EYFTPH7127,2027-10-21,EYF,TPH,7127,2027-10-21 18:37,2027-10-21 20:05,2027-10-21 23:37,2027-10-22 1:05,0,1,5.38253843,,Either,EYF,TPH,2027-10-22,EYF,TPH,17051.0,2027-10-23 00:08,2027-10-23 01:36,2027-10-23 05:08,2027-10-23 06:36,
41,Y,11,EYF,KHL,AZ20271021EYFTPH7127,2027-10-21,EYF,TPH,7127,2027-10-21 18:37,2027-10-21 20:05,2027-10-21 23:37,2027-10-22 1:05,0,1,5.38253843,,Either,EYF,TPH,2027-10-23,EYF,TPH,8027.0,2027-10-23 15:41,2027-10-23 17:09,2027-10-23 20:41,2027-10-23 22:09,
41,Y,11,EYF,KHL,AZ20271021EYFTPH7127,2027-10-21,EYF,TPH,7127,2027-10-21 18:37,2027-10-21 20:05,2027-10-21 23:37,2027-10-22 1:05,0,1,5.38253843,,Either,EYF,TPH,2027-10-23,EYF,TPH,19533.0,2027-10-23 12:53,2027-10-23 14:21,2027-10-23 17:53,2027-10-23 19:21,
41,Y,11,EYF,KHL,AZ20271021EYFTPH7127,2027-10-21,EYF,TPH,7127,2027-10-21 18:37,2027-10-21 20:05,2027-10-21 23:37,2027-10-22 1:05,0,1,5.38253843,,Either,EYF,TPH,2027-10-23,EYF,TPH,7127.0,2027-10-23 18:37,2027-10-23 20:05,2027-10-23 23:37,2027-10-24 01:05,
41,Y,11,EYF,KHL,AZ20271021EYFTPH7127,2027-10-21,EYF,TPH,7127,2027-10-21 18:37,2027-10-21 20:05,2027-10-21 23:37,2027-10-22 1:05,0,1,5.38253843,,Either,EYF,TPH,2027-10-21,EYF,TPH,17051.0,2027-10-22 00:08,2027-10-22 01:36,2027-10-22 05:08,2027-10-22 06:36,
41,Y,11,EYF,KHL,AZ20271021EYFTPH7127,2027-10-21,EYF,TPH,7127,2027-10-21 18:37,2027-10-21 20:05,2027-10-21 23:37,2027-10-22 1:05,0,1,5.38253843,,Either,EYF,TPH,2027-10-23,EYF,TPH,14730.0,2027-10-23 15:53,2027-10-23 17:21,2027-10-23 20:53,2027-10-23 22:21,
42,Y,24,TPH,OLT,AZ20271020TPHOLT8798,2027-10-20,TPH,OLT,8798,2027-10-20 14:03,2027-10-20 18:15,2027-10-20 19:03,2027-10-21 2:15,0,1,1.279940009,,Either,TPH,OLT,2027-10-22,TPH,OLT,8798.0,2027-10-22 14:03,2027-10-22 18:15,2027-10-22 19:03,2027-10-23 02:15,
43,Y,11,HHO,NAD,AZ20271021TPHNAD12819,2027-10-21,TPH,NAD,12819,2027-10-21 15:22,2027-10-21 17:39,2027-10-21 20:22,2027-10-21 22:39,0,1,2.433462827,143.0,Either,TPH,NAD,2027-10-22,TPH,NAD,12819.0,2027-10-22 15:22,2027-10-22 17:39,2027-10-22 20:22,2027-10-22 22:39,
43,Y,11,HHO,NAD,AZ20271021TPHNAD12819,2027-10-21,TPH,NAD,12819,2027-10-21 15:22,2027-10-21 17:39,2027-10-21 20:22,2027-10-21 22:39,0,1,2.433462827,143.0,Either,TPH,NAD,2027-10-22,TPH,NAD,18287.0,2027-10-22 17:47,2027-10-22 20:04,2027-10-22 22:47,2027-10-23 01:04,
43,Y,11,HHO,NAD,AZ20271021TPHNAD12819,2027-10-21,TPH,NAD,12819,2027-10-21 15:22,2027-10-21 17:39,2027-10-21 20:22,2027-10-21 22:39,0,1,2.433462827,143.0,Either,TPH,NAD,2027-10-23,TPH,NAD,12819.0,2027-10-23 15:22,2027-10-23 17:39,2027-10-23 20:22,2027-10-23 22:39,
43,Y,11,HHO,NAD,AZ20271021TPHNAD12819,2027-10-21,TPH,NAD,12819,2027-10-21 15:22,2027-10-21 17:39,2027-10-21 20:22,2027-10-21 22:39,0,1,2.433462827,143.0,Either,TPH,NAD,2027-10-21,TPH,NAD,8686.0,2027-10-22 00:31,2027-10-22 02:48,2027-10-22 05:31,2027-10-22 07:48,
44,Y,12,IJA,TPH,AZ20271020IJATPH18620,2027-10-20,IJA,TPH,18620,2027-10-20 21:07,2027-10-20 22:28,2027-10-21 2:07,2027-10-21 3:28,0,1,3.481928091,,Either,IJA,TPH,2027-10-21,IJA,TPH,18620.0,2027-10-21 21:07,2027-10-21 22:28,2027-10-22 02:07,2027-10-22 03:28,
44,Y,12,IJA,TPH,AZ20271020IJATPH18620,2027-10-20,IJA,TPH,18620,2027-10-20 21:07,2027-10-20 22:28,2027-10-21 2:07,2027-10-21 3:28,0,1,3.481928091,,Either,IJA,TPH,2027-10-21,IJA,TPH,19852.0,2027-10-21 12:57,2027-10-21 14:18,2027-10-21 17:57,2027-10-21 19:18,
44,Y,12,IJA,TPH,AZ20271020IJATPH18620,2027-10-20,IJA,TPH,18620,2027-10-20 21:07,2027-10-20 22:28,2027-10-21 2:07,2027-10-21 3:28,0,1,3.481928091,,Either,IJA,TPH,2027-10-22,IJA,TPH,14313.0,2027-10-22 15:35,2027-10-22 16:56,2027-10-22 20:35,2027-10-22 21:56,
44,Y,12,IJA,TPH,AZ20271020IJATPH18620,2027-10-20,IJA,TPH,18620,2027-10-20 21:07,2027-10-20 22:28,2027-10-21 2:07,2027-10-21 3:28,0,1,3.481928091,,Either,IJA,TPH,2027-10-22,IJA,TPH,13785.0,2027-10-22 15:51,2027-10-22 17:12,2027-10-22 20:51,2027-10-22 22:12,
45,Y,19,ECZ,FHY,AZ20271021ECZTPH7622,2027-10-21,ECZ,TPH,7622,2027-10-21 15:16,2027-10-21 16:43,2027-10-21 20:16,2027-10-21 21:43,0,1,3.60785001,,Either,ECZ,TPH,2027-10-23,ECZ,TPH,7622.0,2027-10-23 15:16,2027-10-23 16:43,2027-10-23 20:16,2027-10-23 21:43,
46,Y,4,TPH,NAD,AZ20271021TPHNAD12819,2027-10-21,TPH,NAD,12819,2027-10-21 15:22,2027-10-21 17:39,2027-10-21 20:22,2027-10-21 22:39,0,1,6.489542841,,Either,TPH,NAD,2027-10-22,TPH,NAD,5528.0,2027-10-22 21:32,2027-10-22 23:49,2027-10-23 02:32,2027-10-23 04:49,
46,Y,4,TPH,NAD,AZ20271021TPHNAD12819,2027-10-21,TPH,NAD,12819,2027-10-21 15:22,2027-10-21 17:39,2027-10-21 20:22,2027-10-21 22:39,0,1,6.489542841,,Either,TPH,NAD,2027-10-22,TPH,NAD,12819.0,2027-10-22 15:22,2027-10-22 17:39,2027-10-22 20:22,2027-10-22 22:39,
46,Y,4,TPH,NAD,AZ20271021TPHNAD12819,2027-10-21,TPH,NAD,12819,2027-10-21 15:22,2027-10-21 17:39,2027-10-21 20:22,2027-10-21 22:39,0,1,6.489542841,,Either,TPH,NAD,2027-10-23,TPH,NAD,12819.0,2027-10-23 15:22,2027-10-23 17:39,2027-10-23 20:22,2027-10-23 22:39,
46,Y,4,TPH,NAD,AZ20271021TPHNAD12819,2027-10-21,TPH,NAD,12819,2027-10-21 15:22,2027-10-21 17:39,2027-10-21 20:22,2027-10-21 22:39,0,1,6.489542841,,Either,TPH,NAD,2027-10-22,TPH,NAD,10818.0,2027-10-23 03:37,2027-10-23 05:54,2027-10-23 08:37,2027-10-23 10:54,
47,Y,20,ERW,QXG,AZ20271020ERWTPH11666,2027-10-20,ERW,TPH,11666,2027-10-20 18:27,2027-10-20 20:04,2027-10-20 22:27,2027-10-21 1:04,0,1,1.419380009,,Either,ERW,TPH,2027-10-21,ERW,TPH,11666.0,2027-10-21 18:27,2027-10-21 20:04,2027-10-21 22:27,2027-10-22 01:04,
47,Y,20,ERW,QXG,AZ20271020ERWTPH11666,2027-10-20,ERW,TPH,11666,2027-10-20 18:27,2027-10-20 20:04,2027-10-20 22:27,2027-10-21 1:04,0,1,1.419380009,,Either,ERW,TPH,2027-10-21,ERW,TPH,1187.0,2027-10-21 15:04,2027-10-21 16:41,2027-10-21 19:04,2027-10-21 21:41,
47,Y,20,ERW,QXG,AZ20271020ERWTPH11666,2027-10-20,ERW,TPH,11666,2027-10-20 18:27,2027-10-20 20:04,2027-10-20 22:27,2027-10-21 1:04,0,1,1.419380009,,Either,ERW,TPH,2027-10-22,ERW,TPH,1187.0,2027-10-22 15:04,2027-10-22 16:41,2027-10-22 19:04,2027-10-22 21:41,
47,Y,20,ERW,QXG,AZ20271020ERWTPH11666,2027-10-20,ERW,TPH,11666,2027-10-20 18:27,2027-10-20 20:04,2027-10-20 22:27,2027-10-21 1:04,0,1,1.419380009,,Either,ERW,TPH,2027-10-20,ERW,TPH,18828.0,2027-10-20 23:52,2027-10-21 01:30,2027-10-21 03:52,2027-10-21 06:30,
48,Y,18,EYF,RHP,AZ20271021EYFTPH19533,2027-10-21,EYF,TPH,19533,2027-10-21 12:53,2027-10-21 14:21,2027-10-21 17:53,2027-10-21 19:21,0,1,2.475082843,,Either,EYF,TPH,2027-10-22,EYF,TPH,17051.0,2027-10-23 00:08,2027-10-23 01:36,2027-10-23 05:08,2027-10-23 06:36,
48,Y,18,EYF,RHP,AZ20271021EYFTPH19533,2027-10-21,EYF,TPH,19533,2027-10-21 12:53,2027-10-21 14:21,2027-10-21 17:53,2027-10-21 19:21,0,1,2.475082843,,Either,EYF,TPH,2027-10-22,EYF,TPH,3093.0,2027-10-22 11:03,2027-10-22 12:31,2027-10-22 16:03,2027-10-22 17:31,
48,Y,18,EYF,RHP,AZ20271021EYFTPH19533,2027-10-21,EYF,TPH,19533,2027-10-21 12:53,2027-10-21 14:21,2027-10-21 17:53,2027-10-21 19:21,0,1,2.475082843,,Either,EYF,TPH,2027-10-23,EYF,TPH,3093.0,2027-10-23 11:03,2027-10-23 12:31,2027-10-23 16:03,2027-10-23 17:31,
48,Y,18,EYF,RHP,AZ20271021EYFTPH19533,2027-10-21,EYF,TPH,19533,2027-10-21 12:53,2027-10-21 14:21,2027-10-21 17:53,2027-10-21 19:21,0,1,2.475082843,,Either,EYF,TPH,2027-10-22,EYF,TPH,8027.0,2027-10-22 15:41,2027-10-22 17:09,2027-10-22 20:41,2027-10-22 22:09,
49,Y,0,EYF,QXG,AZ20271021EYFTPH19533,2027-10-21,EYF,TPH,19533,2027-10-21 12:53,2027-10-21 14:21,2027-10-21 17:53,2027-10-21 19:21,0,2,1.248119995,,Either,EYF,TPH,2027-10-22,EYF,TPH,7127.0,2027-10-22 18:37,2027-10-22 20:05,2027-10-22 23:37,2027-10-23 01:05,
49,Y,0,EYF,QXG,AZ20271021EYFTPH19533,2027-10-21,EYF,TPH,19533,2027-10-21 12:53,2027-10-21 14:21,2027-10-21 17:53,2027-10-21 19:21,0,2,1.248119995,,Either,EYF,TPH,2027-10-22,EYF,TPH,14730.0,2027-10-22 15:53,2027-10-22 17:21,2027-10-22 20:53,2027-10-22 22:21,
49,Y,0,EYF,QXG,AZ20271021EYFTPH19533,2027-10-21,EYF,TPH,19533,2027-10-21 12:53,2027-10-21 14:21,2027-10-21 17:53,2027-10-21 19:21,0,2,1.248119995,,Either,EYF,TPH,2027-10-21,EYF,TPH,17051.0,2027-10-22 00:08,2027-10-22 01:36,2027-10-22 05:08,2027-10-22 06:36,
49,Y,0,EYF,QXG,AZ20271021EYFTPH19533,2027-10-21,EYF,TPH,19533,2027-10-21 12:53,2027-10-21 14:21,2027-10-21 17:53,2027-10-21 19:21,0,2,1.248119995,,Either,EYF,TPH,2027-10-22,EYF,TPH,3093.0,2027-10-22 11:03,2027-10-22 12:31,2027-10-22 16:03,2027-10-22 17:31,
49,Y,0,EYF,QXG,AZ20271021EYFTPH19533,2027-10-21,EYF,TPH,19533,2027-10-21 12:53,2027-10-21 14:21,2027-10-21 17:53,2027-10-21 19:21,0,2,1.248119995,,Either,EYF,TPH,2027-10-21,EYF,TPH,14730.0,2027-10-21 15:53,2027-10-21 17:21,2027-10-21 20:53,2027-10-21 22:21,
50,Y,11,HHO,NAD,AZ20271021TPHNAD10818,2027-10-21,TPH,NAD,10818,2027-10-22 3:37,2027-10-22 5:54,2027-10-22 8:37,2027-10-22 10:54,0,2,1.138999999,85.0,Either,TPH,NAD,2027-10-23,TPH,NAD,8686.0,2027-10-24 00:31,2027-10-24 02:48,2027-10-24 05:31,2027-10-24 07:48,
50,Y,11,HHO,NAD,AZ20271021TPHNAD10818,2027-10-21,TPH,NAD,10818,2027-10-22 3:37,2027-10-22 5:54,2027-10-22 8:37,2027-10-22 10:54,0,2,1.138999999,85.0,Either,TPH,NAD,2027-10-22,TPH,NAD,12819.0,2027-10-22 15:22,2027-10-22 17:39,2027-10-22 20:22,2027-10-22 22:39,
50,Y,11,HHO,NAD,AZ20271021TPHNAD10818,2027-10-21,TPH,NAD,10818,2027-10-22 3:37,2027-10-22 5:54,2027-10-22 8:37,2027-10-22 10:54,0,2,1.138999999,85.0,Either,TPH,NAD,2027-10-23,TPH,NAD,12819.0,2027-10-23 15:22,2027-10-23 17:39,2027-10-23 20:22,2027-10-23 22:39,
50,Y,11,HHO,NAD,AZ20271021TPHNAD10818,2027-10-21,TPH,NAD,10818,2027-10-22 3:37,2027-10-22 5:54,2027-10-22 8:37,2027-10-22 10:54,0,2,1.138999999,85.0,Either,TPH,NAD,2027-10-22,TPH,NAD,5528.0,2027-10-22 21:32,2027-10-22 23:49,2027-10-23 02:32,2027-10-23 04:49,
50,Y,11,HHO,NAD,AZ20271021TPHNAD10818,2027-10-21,TPH,NAD,10818,2027-10-22 3:37,2027-10-22 5:54,2027-10-22 8:37,2027-10-22 10:54,0,2,1.138999999,85.0,Either,TPH,NAD,2027-10-22,TPH,NAD,18287.0,2027-10-22 17:47,2027-10-22 20:04,2027-10-22 22:47,2027-10-23 01:04,
51,Y,12,JDP,VLL,AZ20271021JDPTPH19671,2027-10-21,JDP,TPH,19671,2027-10-21 18:05,2027-10-21 20:46,2027-10-22 0:05,2027-10-22 1:46,0,2,6.533498518,,Either,JDP,TPH,2027-10-23,JDP,TPH,19671.0,2027-10-23 18:05,2027-10-23 20:46,2027-10-23 23:05,2027-10-24 01:46,
51,Y,12,JDP,VLL,AZ20271021JDPTPH19671,2027-10-21,JDP,TPH,19671,2027-10-21 18:05,2027-10-21 20:46,2027-10-22 0:05,2027-10-22 1:46,0,2,6.533498518,,Either,JDP,TPH,2027-10-22,JDP,TPH,8350.0,2027-10-22 22:40,2027-10-23 01:23,2027-10-23 03:40,2027-10-23 06:23,
51,Y,12,JDP,VLL,AZ20271021JDPTPH19671,2027-10-21,JDP,TPH,19671,2027-10-21 18:05,2027-10-21 20:46,2027-10-22 0:05,2027-10-22 1:46,0,2,6.533498518,,Either,JDP,TPH,2027-10-23,JDP,TPH,15178.0,2027-10-23 11:39,2027-10-23 14:20,2027-10-23 16:39,2027-10-23 19:20,
51,Y,12,JDP,VLL,AZ20271021JDPTPH19671,2027-10-21,JDP,TPH,19671,2027-10-21 18:05,2027-10-21 20:46,2027-10-22 0:05,2027-10-22 1:46,0,2,6.533498518,,Either,JDP,TPH,2027-10-22,JDP,TPH,15100.0,2027-10-22 20:05,2027-10-22 22:48,2027-10-23 01:05,2027-10-23 03:48,
51,Y,12,JDP,VLL,AZ20271021JDPTPH19671,2027-10-21,JDP,TPH,19671,2027-10-21 18:05,2027-10-21 20:46,2027-10-22 0:05,2027-10-22 1:46,0,2,6.533498518,,Either,JDP,TPH,2027-10-23,JDP,TPH,17463.0,2027-10-23 17:28,2027-10-23 20:09,2027-10-23 22:28,2027-10-24 01:09,
52,Y,22,TPH,ECZ,AZ20271020TPHECZ8227,2027-10-20,TPH,ECZ,8227,2027-10-21 3:52,2027-10-21 5:09,2027-10-21 8:52,2027-10-21 10:09,0,1,0.403890014,,Either,TPH,ECZ,2027-10-22,TPH,ECZ,8227.0,2027-10-23 03:52,2027-10-23 05:09,2027-10-23 08:52,2027-10-23 10:09,
53,Y,20,ALN,CIA,AZ20271020ALNTPH13462,2027-10-20,ALN,TPH,13462,2027-10-20 19:21,2027-10-21 0:01,2027-10-21 1:21,2027-10-21 5:01,0,1,5.090719869,,Either,ALN,TPH,2027-10-21,ALN,TPH,13462.0,2027-10-21 19:21,2027-10-22 00:01,2027-10-22 01:21,2027-10-22 05:01,
53,Y,20,ALN,CIA,AZ20271020ALNTPH13462,2027-10-20,ALN,TPH,13462,2027-10-20 19:21,2027-10-21 0:01,2027-10-21 1:21,2027-10-21 5:01,0,1,5.090719869,,Either,ALN,TPH,2027-10-22,ALN,TPH,7371.0,2027-10-22 08:08,2027-10-22 12:45,2027-10-22 14:08,2027-10-22 17:45,
53,Y,20,ALN,CIA,AZ20271020ALNTPH13462,2027-10-20,ALN,TPH,13462,2027-10-20 19:21,2027-10-21 0:01,2027-10-21 1:21,2027-10-21 5:01,0,1,5.090719869,,Either,ALN,TPH,2027-10-21,ALN,TPH,10674.0,2027-10-21 21:43,2027-10-22 02:23,2027-10-22 03:43,2027-10-22 07:23,
54,C,3,EID,RHP,AZ20271021EIDTPH19272,2027-10-21,EID,TPH,19272,2027-10-21 11:08,2027-10-21 12:42,2027-10-21 16:08,2027-10-21 17:42,0,3,4.312150044,,Either,EID,TPH,2027-10-21,EID,TPH,14320.0,2027-10-21 15:12,2027-10-21 16:46,2027-10-21 20:12,2027-10-21 21:46,
54,C,3,EID,RHP,AZ20271021EIDTPH19272,2027-10-21,EID,TPH,19272,2027-10-21 11:08,2027-10-21 12:42,2027-10-21 16:08,2027-10-21 17:42,0,3,4.312150044,,Either,EID,TPH,2027-10-22,EID,TPH,19272.0,2027-10-22 11:08,2027-10-22 12:42,2027-10-22 16:08,2027-10-22 17:42,
55,Y,12,TZJ,SIQ,AZ20271021TZJTPH6737,2027-10-21,TZJ,TPH,6737,2027-10-21 21:23,2027-10-21 23:13,2027-10-22 2:23,2027-10-22 4:13,0,1,1.419,,Either,TZJ,TPH,2027-10-22,TZJ,TPH,16021.0,2027-10-22 12:32,2027-10-22 14:22,2027-10-22 17:32,2027-10-22 19:22,
55,Y,12,TZJ,SIQ,AZ20271021TZJTPH6737,2027-10-21,TZJ,TPH,6737,2027-10-21 21:23,2027-10-21 23:13,2027-10-22 2:23,2027-10-22 4:13,0,1,1.419,,Either,TZJ,TPH,2027-10-23,TZJ,TPH,10249.0,2027-10-23 15:05,2027-10-23 16:55,2027-10-23 20:05,2027-10-23 21:55,
55,Y,12,TZJ,SIQ,AZ20271021TZJTPH6737,2027-10-21,TZJ,TPH,6737,2027-10-21 21:23,2027-10-21 23:13,2027-10-22 2:23,2027-10-22 4:13,0,1,1.419,,Either,TZJ,TPH,2027-10-21,TZJ,TPH,11611.0,2027-10-22 00:21,2027-10-22 02:11,2027-10-22 05:21,2027-10-22 07:11,
55,Y,12,TZJ,SIQ,AZ20271021TZJTPH6737,2027-10-21,TZJ,TPH,6737,2027-10-21 21:23,2027-10-21 23:13,2027-10-22 2:23,2027-10-22 4:13,0,1,1.419,,Either,TZJ,TPH,2027-10-22,TZJ,TPH,2996.0,2027-10-22 10:54,2027-10-22 12:44,2027-10-22 15:54,2027-10-22 17:44,
55,Y,12,TZJ,SIQ,AZ20271021TZJTPH6737,2027-10-21,TZJ,TPH,6737,2027-10-21 21:23,2027-10-21 23:13,2027-10-22 2:23,2027-10-22 4:13,0,1,1.419,,Either,TZJ,TPH,2027-10-23,TZJ,TPH,14894.0,2027-10-23 18:33,2027-10-23 20:23,2027-10-23 23:33,2027-10-24 01:23,
55,Y,12,TZJ,SIQ,AZ20271021TZJTPH6737,2027-10-21,TZJ,TPH,6737,2027-10-21 21:23,2027-10-21 23:13,2027-10-22 2:23,2027-10-22 4:13,0,1,1.419,,Either,TZJ,TPH,2027-10-22,TZJ,TPH,6737.0,2027-10-22 21:23,2027-10-22 23:13,2027-10-23 02:23,2027-10-23 04:13,
55,Y,12,TZJ,SIQ,AZ20271021TZJTPH6737,2027-10-21,TZJ,TPH,6737,2027-10-21 21:23,2027-10-21 23:13,2027-10-22 2:23,2027-10-22 4:13,0,1,1.419,,Either,TZJ,TPH,2027-10-23,TZJ,TPH,13898.0,2027-10-23 17:40,2027-10-23 19:30,2027-10-23 22:40,2027-10-24 00:30,
56,Y,19,TPH,EYF,AZ20271020TPHEYF898,2027-10-20,TPH,EYF,898,2027-10-20 15:44,2027-10-20 17:05,2027-10-20 20:44,2027-10-20 22:05,0,1,4.027354921,,Either,TPH,EYF,2027-10-22,TPH,EYF,10112.0,2027-10-22 13:35,2027-10-22 14:56,2027-10-22 18:35,2027-10-22 19:56,
56,Y,19,TPH,EYF,AZ20271020TPHEYF898,2027-10-20,TPH,EYF,898,2027-10-20 15:44,2027-10-20 17:05,2027-10-20 20:44,2027-10-20 22:05,0,1,4.027354921,,Either,TPH,EYF,2027-10-22,TPH,EYF,898.0,2027-10-22 15:44,2027-10-22 17:05,2027-10-22 20:44,2027-10-22 22:05,
57,Y,24,TPH,QHP,AZ20271021TPHQHP16158,2027-10-21,TPH,QHP,16158,2027-10-22 3:38,2027-10-22 6:46,2027-10-22 8:38,2027-10-22 11:46,0,1,0.349000007,,Either,TPH,QHP,2027-10-23,TPH,QHP,15070.0,2027-10-23 14:13,2027-10-23 17:21,2027-10-23 19:13,2027-10-23 22:21,
57,Y,24,TPH,QHP,AZ20271021TPHQHP16158,2027-10-21,TPH,QHP,16158,2027-10-22 3:38,2027-10-22 6:46,2027-10-22 8:38,2027-10-22 11:46,0,1,0.349000007,,Either,TPH,QHP,2027-10-23,TPH,QHP,793.0,2027-10-24 00:32,2027-10-24 03:40,2027-10-24 05:32,2027-10-24 08:40,
57,Y,24,TPH,QHP,AZ20271021TPHQHP16158,2027-10-21,TPH,QHP,16158,2027-10-22 3:38,2027-10-22 6:46,2027-10-22 8:38,2027-10-22 11:46,0,1,0.349000007,,Either,TPH,QHP,2027-10-22,TPH,QHP,10566.0,2027-10-22 19:03,2027-10-22 22:11,2027-10-23 00:03,2027-10-23 03:11,
57,Y,24,TPH,QHP,AZ20271021TPHQHP16158,2027-10-21,TPH,QHP,16158,2027-10-22 3:38,2027-10-22 6:46,2027-10-22 8:38,2027-10-22 11:46,0,1,0.349000007,,Either,TPH,QHP,2027-10-23,TPH,QHP,10566.0,2027-10-23 19:03,2027-10-23 22:11,2027-10-24 00:03,2027-10-24 03:11,
57,Y,24,TPH,QHP,AZ20271021TPHQHP16158,2027-10-21,TPH,QHP,16158,2027-10-22 3:38,2027-10-22 6:46,2027-10-22 8:38,2027-10-22 11:46,0,1,0.349000007,,Either,TPH,QHP,2027-10-22,TPH,QHP,16158.0,2027-10-23 03:38,2027-10-23 06:46,2027-10-23 08:38,2027-10-23 11:46,
57,Y,24,TPH,QHP,AZ20271021TPHQHP16158,2027-10-21,TPH,QHP,16158,2027-10-22 3:38,2027-10-22 6:46,2027-10-22 8:38,2027-10-22 11:46,0,1,0.349000007,,Either,TPH,QHP,2027-10-23,TPH,QHP,15215.0,2027-10-23 13:50,2027-10-23 16:58,2027-10-23 18:50,2027-10-23 21:58,
57,Y,24,TPH,QHP,AZ20271021TPHQHP16158,2027-10-21,TPH,QHP,16158,2027-10-22 3:38,2027-10-22 6:46,2027-10-22 8:38,2027-10-22 11:46,0,1,0.349000007,,Either,TPH,QHP,2027-10-22,TPH,QHP,793.0,2027-10-23 00:32,2027-10-23 03:40,2027-10-23 05:32,2027-10-23 08:40,
58,Y,19,VUY,NWY,AZ20271020VUYTPH2927,2027-10-20,VUY,TPH,2927,2027-10-20 23:08,2027-10-21 1:32,2027-10-21 5:08,2027-10-21 6:32,0,2,1.209000006,,Either,VUY,TPH,2027-10-22,VUY,TPH,16041.0,2027-10-22 20:25,2027-10-22 22:49,2027-10-23 02:25,2027-10-23 03:49,
58,Y,19,VUY,NWY,AZ20271020VUYTPH2927,2027-10-20,VUY,TPH,2927,2027-10-20 23:08,2027-10-21 1:32,2027-10-21 5:08,2027-10-21 6:32,0,2,1.209000006,,Either,VUY,TPH,2027-10-22,VUY,TPH,8400.0,2027-10-22 14:46,2027-10-22 17:10,2027-10-22 20:46,2027-10-22 22:10,
58,Y,19,VUY,NWY,AZ20271020VUYTPH2927,2027-10-20,VUY,TPH,2927,2027-10-20 23:08,2027-10-21 1:32,2027-10-21 5:08,2027-10-21 6:32,0,2,1.209000006,,Either,VUY,TPH,2027-10-22,VUY,TPH,3289.0,2027-10-22 14:59,2027-10-22 17:23,2027-10-22 20:59,2027-10-22 22:23,
58,Y,19,VUY,NWY,AZ20271020VUYTPH2927,2027-10-20,VUY,TPH,2927,2027-10-20 23:08,2027-10-21 1:32,2027-10-21 5:08,2027-10-21 6:32,0,2,1.209000006,,Either,VUY,TPH,2027-10-22,VUY,TPH,2927.0,2027-10-22 23:08,2027-10-23 01:32,2027-10-23 05:08,2027-10-23 06:32,
58,Y,19,VUY,NWY,AZ20271020VUYTPH2927,2027-10-20,VUY,TPH,2927,2027-10-20 23:08,2027-10-21 1:32,2027-10-21 5:08,2027-10-21 6:32,0,2,1.209000006,,Either,VUY,TPH,2027-10-22,VUY,TPH,8894.0,2027-10-22 18:08,2027-10-22 20:32,2027-10-23 00:08,2027-10-23 01:32,
58,Y,19,VUY,NWY,AZ20271020VUYTPH2927,2027-10-20,VUY,TPH,2927,2027-10-20 23:08,2027-10-21 1:32,2027-10-21 5:08,2027-10-21 6:32,0,2,1.209000006,,Either,VUY,TPH,2027-10-21,VUY,TPH,16041.0,2027-10-21 20:25,2027-10-21 22:49,2027-10-22 02:25,2027-10-22 03:49,
58,Y,19,VUY,NWY,AZ20271020TPHNWY19873,2027-10-20,TPH,NWY,19873,2027-10-21 3:57,2027-10-21 7:34,2027-10-21 8:57,2027-10-21 12:34,0,2,1.209000006,145.0,Either,TPH,NWY,2027-10-22,TPH,NWY,19873.0,2027-10-23 03:57,2027-10-23 07:34,2027-10-23 08:57,2027-10-23 12:34,
58,Y,19,VUY,NWY,AZ20271020TPHNWY19873,2027-10-20,TPH,NWY,19873,2027-10-21 3:57,2027-10-21 7:34,2027-10-21 8:57,2027-10-21 12:34,0,2,1.209000006,145.0,Either,TPH,NWY,2027-10-21,TPH,NWY,4086.0,2027-10-21 21:35,2027-10-22 01:17,2027-10-22 02:35,2027-10-22 06:17,
58,Y,19,VUY,NWY,AZ20271020TPHNWY19873,2027-10-20,TPH,NWY,19873,2027-10-21 3:57,2027-10-21 7:34,2027-10-21 8:57,2027-10-21 12:34,0,2,1.209000006,145.0,Either,TPH,NWY,2027-10-22,TPH,NWY,8238.0,2027-10-23 01:00,2027-10-23 04:42,2027-10-23 06:00,2027-10-23 09:42,
58,Y,19,VUY,NWY,AZ20271020TPHNWY19873,2027-10-20,TPH,NWY,19873,2027-10-21 3:57,2027-10-21 7:34,2027-10-21 8:57,2027-10-21 12:34,0,2,1.209000006,145.0,Either,TPH,NWY,2027-10-22,TPH,NWY,4086.0,2027-10-22 21:35,2027-10-23 01:17,2027-10-23 02:35,2027-10-23 06:17,
59,Y,11,EBG,NAD,AZ20271020TPHNAD8686,2027-10-20,TPH,NAD,8686,2027-10-21 0:31,2027-10-21 2:48,2027-10-21 5:31,2027-10-21 7:48,0,1,1.479999989,43.0,Either,TPH,NAD,2027-10-22,TPH,NAD,12819.0,2027-10-22 15:22,2027-10-22 17:39,2027-10-22 20:22,2027-10-22 22:39,
59,Y,11,EBG,NAD,AZ20271020TPHNAD8686,2027-10-20,TPH,NAD,8686,2027-10-21 0:31,2027-10-21 2:48,2027-10-21 5:31,2027-10-21 7:48,0,1,1.479999989,43.0,Either,TPH,NAD,2027-10-21,TPH,NAD,8686.0,2027-10-22 00:31,2027-10-22 02:48,2027-10-22 05:31,2027-10-22 07:48,
59,Y,11,EBG,NAD,AZ20271020TPHNAD8686,2027-10-20,TPH,NAD,8686,2027-10-21 0:31,2027-10-21 2:48,2027-10-21 5:31,2027-10-21 7:48,0,1,1.479999989,43.0,Either,TPH,NAD,2027-10-22,TPH,NAD,18287.0,2027-10-22 17:47,2027-10-22 20:04,2027-10-22 22:47,2027-10-23 01:04,
59,Y,11,EBG,NAD,AZ20271020TPHNAD8686,2027-10-20,TPH,NAD,8686,2027-10-21 0:31,2027-10-21 2:48,2027-10-21 5:31,2027-10-21 7:48,0,1,1.479999989,43.0,Either,TPH,NAD,2027-10-22,TPH,NAD,5528.0,2027-10-22 21:32,2027-10-22 23:49,2027-10-23 02:32,2027-10-23 04:49,
60,Y,0,NMK,QXG,AZ20271021NMKTPH18830,2027-10-21,NMK,TPH,18830,2027-10-21 20:45,2027-10-22 2:45,2027-10-22 1:45,2027-10-22 7:45,0,1,1.066529997,,Either,NMK,TPH,2027-10-22,NMK,TPH,18830.0,2027-10-22 20:45,2027-10-23 02:45,2027-10-23 01:45,2027-10-23 07:45,
60,Y,0,NMK,QXG,AZ20271021NMKTPH18830,2027-10-21,NMK,TPH,18830,2027-10-21 20:45,2027-10-22 2:45,2027-10-22 1:45,2027-10-22 7:45,0,1,1.066529997,,Either,NMK,TPH,2027-10-23,NMK,TPH,18830.0,2027-10-23 20:45,2027-10-24 02:45,2027-10-24 01:45,2027-10-24 07:45,
61,Y,22,ERW,ZFM,AZ20271020ERWTPH11666,2027-10-20,ERW,TPH,11666,2027-10-20 18:27,2027-10-20 20:04,2027-10-20 22:27,2027-10-21 1:04,0,5,4.906941464,,Either,ERW,TPH,2027-10-22,ERW,TPH,11666.0,2027-10-22 18:27,2027-10-22 20:04,2027-10-22 22:27,2027-10-23 01:04,
61,Y,22,ERW,ZFM,AZ20271020ERWTPH11666,2027-10-20,ERW,TPH,11666,2027-10-20 18:27,2027-10-20 20:04,2027-10-20 22:27,2027-10-21 1:04,0,5,4.906941464,,Either,ERW,TPH,2027-10-22,ERW,TPH,1187.0,2027-10-22 15:04,2027-10-22 16:41,2027-10-22 19:04,2027-10-22 21:41,
62,Y,24,JDP,TZJ,AZ20271020JDPTPH8350,2027-10-20,JDP,TPH,8350,2027-10-20 22:40,2027-10-21 1:23,2027-10-21 4:40,2027-10-21 6:23,0,1,3.244925004,,Either,JDP,TPH,2027-10-22,JDP,TPH,8350.0,2027-10-22 22:40,2027-10-23 01:23,2027-10-23 03:40,2027-10-23 06:23,
62,Y,24,JDP,TZJ,AZ20271020JDPTPH8350,2027-10-20,JDP,TPH,8350,2027-10-20 22:40,2027-10-21 1:23,2027-10-21 4:40,2027-10-21 6:23,0,1,3.244925004,,Either,JDP,TPH,2027-10-21,JDP,TPH,15100.0,2027-10-21 20:05,2027-10-21 22:48,2027-10-22 01:05,2027-10-22 03:48,
62,Y,24,JDP,TZJ,AZ20271020JDPTPH8350,2027-10-20,JDP,TPH,8350,2027-10-20 22:40,2027-10-21 1:23,2027-10-21 4:40,2027-10-21 6:23,0,1,3.244925004,,Either,JDP,TPH,2027-10-22,JDP,TPH,19123.0,2027-10-22 17:49,2027-10-22 20:30,2027-10-22 22:49,2027-10-23 01:30,
62,Y,24,JDP,TZJ,AZ20271020JDPTPH8350,2027-10-20,JDP,TPH,8350,2027-10-20 22:40,2027-10-21 1:23,2027-10-21 4:40,2027-10-21 6:23,0,1,3.244925004,,Either,JDP,TPH,2027-10-22,JDP,TPH,19671.0,2027-10-22 18:05,2027-10-22 20:46,2027-10-22 23:05,2027-10-23 01:46,
62,Y,24,JDP,TZJ,AZ20271020JDPTPH8350,2027-10-20,JDP,TPH,8350,2027-10-20 22:40,2027-10-21 1:23,2027-10-21 4:40,2027-10-21 6:23,0,1,3.244925004,,Either,JDP,TPH,2027-10-22,JDP,TPH,16414.0,2027-10-22 14:10,2027-10-22 16:51,2027-10-22 19:10,2027-10-22 21:51,
63,Y,22,TZJ,PSX,AZ20271022TZJTPH10249,2027-10-22,TZJ,TPH,10249,2027-10-22 15:05,2027-10-22 16:55,2027-10-22 20:05,2027-10-22 21:55,0,1,2.857670069,,Either,TZJ,TPH,2027-10-24,TZJ,TPH,16021.0,2027-10-24 12:32,2027-10-24 14:22,2027-10-24 17:32,2027-10-24 19:22,
63,Y,22,TZJ,PSX,AZ20271022TZJTPH10249,2027-10-22,TZJ,TPH,10249,2027-10-22 15:05,2027-10-22 16:55,2027-10-22 20:05,2027-10-22 21:55,0,1,2.857670069,,Either,TZJ,TPH,2027-10-23,TZJ,TPH,13898.0,2027-10-23 17:40,2027-10-23 19:30,2027-10-23 22:40,2027-10-24 00:30,
63,Y,22,TZJ,PSX,AZ20271022TZJTPH10249,2027-10-22,TZJ,TPH,10249,2027-10-22 15:05,2027-10-22 16:55,2027-10-22 20:05,2027-10-22 21:55,0,1,2.857670069,,Either,TZJ,TPH,2027-10-24,TZJ,TPH,10249.0,2027-10-24 15:05,2027-10-24 16:55,2027-10-24 20:05,2027-10-24 21:55,
63,Y,22,TZJ,PSX,AZ20271022TZJTPH10249,2027-10-22,TZJ,TPH,10249,2027-10-22 15:05,2027-10-22 16:55,2027-10-22 20:05,2027-10-22 21:55,0,1,2.857670069,,Either,TZJ,TPH,2027-10-23,TZJ,TPH,11611.0,2027-10-24 00:21,2027-10-24 02:11,2027-10-24 05:21,2027-10-24 07:11,
63,Y,22,TZJ,PSX,AZ20271022TZJTPH10249,2027-10-22,TZJ,TPH,10249,2027-10-22 15:05,2027-10-22 16:55,2027-10-22 20:05,2027-10-22 21:55,0,1,2.857670069,,Either,TZJ,TPH,2027-10-22,TZJ,TPH,6737.0,2027-10-22 21:23,2027-10-22 23:13,2027-10-23 02:23,2027-10-23 04:13,
63,Y,22,TZJ,PSX,AZ20271022TZJTPH10249,2027-10-22,TZJ,TPH,10249,2027-10-22 15:05,2027-10-22 16:55,2027-10-22 20:05,2027-10-22 21:55,0,1,2.857670069,,Either,TZJ,TPH,2027-10-23,TZJ,TPH,10249.0,2027-10-23 15:05,2027-10-23 16:55,2027-10-23 20:05,2027-10-23 21:55,
64,Y,20,TZJ,CLT,AZ20271022TZJTPH10249,2027-10-22,TZJ,TPH,10249,2027-10-22 15:05,2027-10-22 16:55,2027-10-22 20:05,2027-10-22 21:55,0,1,1.86770004,,Either,TZJ,TPH,2027-10-23,TZJ,TPH,16021.0,2027-10-23 12:32,2027-10-23 14:22,2027-10-23 17:32,2027-10-23 19:22,
64,Y,20,TZJ,CLT,AZ20271022TZJTPH10249,2027-10-22,TZJ,TPH,10249,2027-10-22 15:05,2027-10-22 16:55,2027-10-22 20:05,2027-10-22 21:55,0,1,1.86770004,,Either,TZJ,TPH,2027-10-24,TZJ,TPH,10249.0,2027-10-24 15:05,2027-10-24 16:55,2027-10-24 20:05,2027-10-24 21:55,
64,Y,20,TZJ,CLT,AZ20271022TZJTPH10249,2027-10-22,TZJ,TPH,10249,2027-10-22 15:05,2027-10-22 16:55,2027-10-22 20:05,2027-10-22 21:55,0,1,1.86770004,,Either,TZJ,TPH,2027-10-23,TZJ,TPH,10249.0,2027-10-23 15:05,2027-10-23 16:55,2027-10-23 20:05,2027-10-23 21:55,
64,Y,20,TZJ,CLT,AZ20271022TZJTPH10249,2027-10-22,TZJ,TPH,10249,2027-10-22 15:05,2027-10-22 16:55,2027-10-22 20:05,2027-10-22 21:55,0,1,1.86770004,,Either,TZJ,TPH,2027-10-23,TZJ,TPH,14894.0,2027-10-23 18:33,2027-10-23 20:23,2027-10-23 23:33,2027-10-24 01:23,
64,Y,20,TZJ,CLT,AZ20271022TZJTPH10249,2027-10-22,TZJ,TPH,10249,2027-10-22 15:05,2027-10-22 16:55,2027-10-22 20:05,2027-10-22 21:55,0,1,1.86770004,,Either,TZJ,TPH,2027-10-24,TZJ,TPH,4583.0,2027-10-24 12:23,2027-10-24 14:13,2027-10-24 17:23,2027-10-24 19:13,
64,Y,20,TZJ,CLT,AZ20271022TZJTPH10249,2027-10-22,TZJ,TPH,10249,2027-10-22 15:05,2027-10-22 16:55,2027-10-22 20:05,2027-10-22 21:55,0,1,1.86770004,,Either,TZJ,TPH,2027-10-22,TZJ,TPH,6737.0,2027-10-22 21:23,2027-10-22 23:13,2027-10-23 02:23,2027-10-23 04:13,
64,Y,20,TZJ,CLT,AZ20271022TZJTPH10249,2027-10-22,TZJ,TPH,10249,2027-10-22 15:05,2027-10-22 16:55,2027-10-22 20:05,2027-10-22 21:55,0,1,1.86770004,,Either,TZJ,TPH,2027-10-22,TZJ,TPH,13898.0,2027-10-22 17:40,2027-10-22 19:30,2027-10-22 22:40,2027-10-23 00:30,
65,Y,21,QRD,NAD,AZ20271021TPHNAD10818,2027-10-21,TPH,NAD,10818,2027-10-22 3:37,2027-10-22 5:54,2027-10-22 8:37,2027-10-22 10:54,0,1,4.049849981,82.0,Either,TPH,NAD,2027-10-22,TPH,NAD,8686.0,2027-10-23 00:31,2027-10-23 02:48,2027-10-23 05:31,2027-10-23 07:48,
65,Y,21,QRD,NAD,AZ20271021TPHNAD10818,2027-10-21,TPH,NAD,10818,2027-10-22 3:37,2027-10-22 5:54,2027-10-22 8:37,2027-10-22 10:54,0,1,4.049849981,82.0,Either,TPH,NAD,2027-10-23,TPH,NAD,18287.0,2027-10-23 17:47,2027-10-23 20:04,2027-10-23 22:47,2027-10-24 01:04,
65,Y,21,QRD,NAD,AZ20271021TPHNAD10818,2027-10-21,TPH,NAD,10818,2027-10-22 3:37,2027-10-22 5:54,2027-10-22 8:37,2027-10-22 10:54,0,1,4.049849981,82.0,Either,TPH,NAD,2027-10-23,TPH,NAD,10818.0,2027-10-24 03:37,2027-10-24 05:54,2027-10-24 08:37,2027-10-24 10:54,
65,Y,21,QRD,NAD,AZ20271021TPHNAD10818,2027-10-21,TPH,NAD,10818,2027-10-22 3:37,2027-10-22 5:54,2027-10-22 8:37,2027-10-22 10:54,0,1,4.049849981,82.0,Either,TPH,NAD,2027-10-22,TPH,NAD,5528.0,2027-10-22 21:32,2027-10-22 23:49,2027-10-23 02:32,2027-10-23 04:49,
65,Y,21,QRD,NAD,AZ20271021TPHNAD10818,2027-10-21,TPH,NAD,10818,2027-10-22 3:37,2027-10-22 5:54,2027-10-22 8:37,2027-10-22 10:54,0,1,4.049849981,82.0,Either,TPH,NAD,2027-10-22,TPH,NAD,10818.0,2027-10-23 03:37,2027-10-23 05:54,2027-10-23 08:37,2027-10-23 10:54,
65,Y,21,QRD,NAD,AZ20271021TPHNAD10818,2027-10-21,TPH,NAD,10818,2027-10-22 3:37,2027-10-22 5:54,2027-10-22 8:37,2027-10-22 10:54,0,1,4.049849981,82.0,Either,TPH,NAD,2027-10-23,TPH,NAD,12819.0,2027-10-23 15:22,2027-10-23 17:39,2027-10-23 20:22,2027-10-23 22:39,
66,Y,14,EYF,HHO,AZ20271021TPHHHO8010,2027-10-21,TPH,HHO,8010,2027-10-22 3:51,2027-10-22 9:04,2027-10-22 8:51,2027-10-22 14:04,0,1,1.584999979,135.0,Either,TPH,HHO,2027-10-22,TPH,HHO,3567.0,2027-10-22 13:54,2027-10-22 19:07,2027-10-22 18:54,2027-10-23 00:07,
66,Y,14,EYF,HHO,AZ20271021TPHHHO8010,2027-10-21,TPH,HHO,8010,2027-10-22 3:51,2027-10-22 9:04,2027-10-22 8:51,2027-10-22 14:04,0,1,1.584999979,135.0,Either,TPH,HHO,2027-10-23,TPH,HHO,3567.0,2027-10-23 13:54,2027-10-23 19:07,2027-10-23 18:54,2027-10-24 00:07,
66,Y,14,EYF,HHO,AZ20271021TPHHHO8010,2027-10-21,TPH,HHO,8010,2027-10-22 3:51,2027-10-22 9:04,2027-10-22 8:51,2027-10-22 14:04,0,1,1.584999979,135.0,Either,TPH,HHO,2027-10-23,TPH,HHO,8010.0,2027-10-24 03:51,2027-10-24 09:04,2027-10-24 08:51,2027-10-24 14:04,
67,Y,4,VUY,IJA,AZ20271021TPHIJA11985,2027-10-21,TPH,IJA,11985,2027-10-22 3:41,2027-10-22 4:55,2027-10-22 8:41,2027-10-22 9:55,0,1,1.078000002,129.0,Either,TPH,IJA,2027-10-23,TPH,IJA,13612.0,2027-10-23 18:16,2027-10-23 19:30,2027-10-23 23:16,2027-10-24 00:30,
67,Y,4,VUY,IJA,AZ20271021TPHIJA11985,2027-10-21,TPH,IJA,11985,2027-10-22 3:41,2027-10-22 4:55,2027-10-22 8:41,2027-10-22 9:55,0,1,1.078000002,129.0,Either,TPH,IJA,2027-10-23,TPH,IJA,11417.0,2027-10-23 13:26,2027-10-23 14:40,2027-10-23 18:26,2027-10-23 19:40,
67,Y,4,VUY,IJA,AZ20271021TPHIJA11985,2027-10-21,TPH,IJA,11985,2027-10-22 3:41,2027-10-22 4:55,2027-10-22 8:41,2027-10-22 9:55,0,1,1.078000002,129.0,Either,TPH,IJA,2027-10-23,TPH,IJA,11985.0,2027-10-24 03:41,2027-10-24 04:55,2027-10-24 08:41,2027-10-24 09:55,
67,Y,4,VUY,IJA,AZ20271021TPHIJA11985,2027-10-21,TPH,IJA,11985,2027-10-22 3:41,2027-10-22 4:55,2027-10-22 8:41,2027-10-22 9:55,0,1,1.078000002,129.0,Either,TPH,IJA,2027-10-22,TPH,IJA,2812.0,2027-10-22 13:41,2027-10-22 14:55,2027-10-22 18:41,2027-10-22 19:55,
67,Y,4,VUY,IJA,AZ20271021TPHIJA11985,2027-10-21,TPH,IJA,11985,2027-10-22 3:41,2027-10-22 4:55,2027-10-22 8:41,2027-10-22 9:55,0,1,1.078000002,129.0,Either,TPH,IJA,2027-10-22,TPH,IJA,11417.0,2027-10-22 13:26,2027-10-22 14:40,2027-10-22 18:26,2027-10-22 19:40,
68,Y,19,EYF,TPH,AZ20271021EYFTPH7127,2027-10-21,EYF,TPH,7127,2027-10-21 18:37,2027-10-21 20:05,2027-10-21 23:37,2027-10-22 1:05,0,2,0.0860000029206276,,Either,EYF,TPH,2027-10-23,EYF,TPH,19533.0,2027-10-23 12:53,2027-10-23 14:21,2027-10-23 17:53,2027-10-23 19:21,
68,Y,19,EYF,TPH,AZ20271021EYFTPH7127,2027-10-21,EYF,TPH,7127,2027-10-21 18:37,2027-10-21 20:05,2027-10-21 23:37,2027-10-22 1:05,0,2,0.0860000029206276,,Either,EYF,TPH,2027-10-23,EYF,TPH,8027.0,2027-10-23 15:41,2027-10-23 17:09,2027-10-23 20:41,2027-10-23 22:09,
68,Y,19,EYF,TPH,AZ20271021EYFTPH7127,2027-10-21,EYF,TPH,7127,2027-10-21 18:37,2027-10-21 20:05,2027-10-21 23:37,2027-10-22 1:05,0,2,0.0860000029206276,,Either,EYF,TPH,2027-10-21,EYF,TPH,17051.0,2027-10-22 00:08,2027-10-22 01:36,2027-10-22 05:08,2027-10-22 06:36,
68,Y,19,EYF,TPH,AZ20271021EYFTPH7127,2027-10-21,EYF,TPH,7127,2027-10-21 18:37,2027-10-21 20:05,2027-10-21 23:37,2027-10-22 1:05,0,2,0.0860000029206276,,Either,EYF,TPH,2027-10-22,EYF,TPH,8027.0,2027-10-22 15:41,2027-10-22 17:09,2027-10-22 20:41,2027-10-22 22:09,
68,Y,19,EYF,TPH,AZ20271021EYFTPH7127,2027-10-21,EYF,TPH,7127,2027-10-21 18:37,2027-10-21 20:05,2027-10-21 23:37,2027-10-22 1:05,0,2,0.0860000029206276,,Either,EYF,TPH,2027-10-23,EYF,TPH,7127.0,2027-10-23 18:37,2027-10-23 20:05,2027-10-23 23:37,2027-10-24 01:05,
68,Y,19,EYF,TPH,AZ20271021EYFTPH7127,2027-10-21,EYF,TPH,7127,2027-10-21 18:37,2027-10-21 20:05,2027-10-21 23:37,2027-10-22 1:05,0,2,0.0860000029206276,,Either,EYF,TPH,2027-10-22,EYF,TPH,14730.0,2027-10-22 15:53,2027-10-22 17:21,2027-10-22 20:53,2027-10-22 22:21,
69,Y,0,NWY,TPH,AZ20271021NWYTPH13488,2027-10-21,NWY,TPH,13488,2027-10-21 22:56,2027-10-22 2:37,2027-10-22 3:56,2027-10-22 7:37,0,1,3.521928098,,Either,NWY,TPH,2027-10-22,NWY,TPH,13488.0,2027-10-22 22:56,2027-10-23 02:37,2027-10-23 03:56,2027-10-23 07:37,
69,Y,0,NWY,TPH,AZ20271021NWYTPH13488,2027-10-21,NWY,TPH,13488,2027-10-21 22:56,2027-10-22 2:37,2027-10-22 3:56,2027-10-22 7:37,0,1,3.521928098,,Either,NWY,TPH,2027-10-23,NWY,TPH,3857.0,2027-10-23 12:59,2027-10-23 16:40,2027-10-23 17:59,2027-10-23 21:40,
69,Y,0,NWY,TPH,AZ20271021NWYTPH13488,2027-10-21,NWY,TPH,13488,2027-10-21 22:56,2027-10-22 2:37,2027-10-22 3:56,2027-10-22 7:37,0,1,3.521928098,,Either,NWY,TPH,2027-10-23,NWY,TPH,13488.0,2027-10-23 22:56,2027-10-24 02:37,2027-10-24 03:56,2027-10-24 07:37,
70,Y,11,VUY,OSW,AZ20271022VUYTPH5659,2027-10-22,VUY,TPH,5659,2027-10-22 12:02,2027-10-22 14:26,2027-10-22 18:02,2027-10-22 19:26,0,2,1.200029999,,Either,VUY,TPH,2027-10-22,VUY,TPH,3289.0,2027-10-22 14:59,2027-10-22 17:23,2027-10-22 20:59,2027-10-22 22:23,
70,Y,11,VUY,OSW,AZ20271022VUYTPH5659,2027-10-22,VUY,TPH,5659,2027-10-22 12:02,2027-10-22 14:26,2027-10-22 18:02,2027-10-22 19:26,0,2,1.200029999,,Either,VUY,TPH,2027-10-23,VUY,TPH,8894.0,2027-10-23 18:08,2027-10-23 20:32,2027-10-24 00:08,2027-10-24 01:32,
70,Y,11,VUY,OSW,AZ20271022VUYTPH5659,2027-10-22,VUY,TPH,5659,2027-10-22 12:02,2027-10-22 14:26,2027-10-22 18:02,2027-10-22 19:26,0,2,1.200029999,,Either,VUY,TPH,2027-10-23,VUY,TPH,5659.0,2027-10-23 12:02,2027-10-23 14:26,2027-10-23 18:02,2027-10-23 19:26,
70,Y,11,VUY,OSW,AZ20271022VUYTPH5659,2027-10-22,VUY,TPH,5659,2027-10-22 12:02,2027-10-22 14:26,2027-10-22 18:02,2027-10-22 19:26,0,2,1.200029999,,Either,VUY,TPH,2027-10-22,VUY,TPH,4376.0,2027-10-23 00:26,2027-10-23 02:50,2027-10-23 06:26,2027-10-23 07:50,
70,Y,11,VUY,OSW,AZ20271022VUYTPH5659,2027-10-22,VUY,TPH,5659,2027-10-22 12:02,2027-10-22 14:26,2027-10-22 18:02,2027-10-22 19:26,0,2,1.200029999,,Either,VUY,TPH,2027-10-23,VUY,TPH,16041.0,2027-10-23 20:25,2027-10-23 22:49,2027-10-24 02:25,2027-10-24 03:49,
70,Y,11,VUY,OSW,AZ20271022VUYTPH5659,2027-10-22,VUY,TPH,5659,2027-10-22 12:02,2027-10-22 14:26,2027-10-22 18:02,2027-10-22 19:26,0,2,1.200029999,,Either,VUY,TPH,2027-10-23,VUY,TPH,4376.0,2027-10-24 00:26,2027-10-24 02:50,2027-10-24 06:26,2027-10-24 07:50,
71,Y,19,NMK,EYF,AZ20271021NMKTPH18830,2027-10-21,NMK,TPH,18830,2027-10-21 20:45,2027-10-22 2:45,2027-10-22 1:45,2027-10-22 7:45,0,1,2.547317424,,Either,NMK,TPH,2027-10-22,NMK,TPH,18830.0,2027-10-22 20:45,2027-10-23 02:45,2027-10-23 01:45,2027-10-23 07:45,
71,Y,19,NMK,EYF,AZ20271021TPHEYF5897,2027-10-21,TPH,EYF,5897,2027-10-22 3:46,2027-10-22 5:07,2027-10-22 8:46,2027-10-22 10:07,0,1,2.547317424,61.0,Either,TPH,EYF,2027-10-23,TPH,EYF,15612.0,2027-10-24 00:44,2027-10-24 02:05,2027-10-24 05:44,2027-10-24 07:05,
72,C,17,ALN,DFP,AZ20271022ALNTPH7450,2027-10-22,ALN,TPH,7450,2027-10-22 16:03,2027-10-22 20:43,2027-10-22 22:03,2027-10-23 1:43,0,1,4.580439713,,Either,ALN,TPH,2027-10-24,ALN,TPH,7450.0,2027-10-24 16:03,2027-10-24 20:43,2027-10-24 22:03,2027-10-25 01:43,
72,C,17,ALN,DFP,AZ20271022ALNTPH7450,2027-10-22,ALN,TPH,7450,2027-10-22 16:03,2027-10-22 20:43,2027-10-22 22:03,2027-10-23 1:43,0,1,4.580439713,,Either,ALN,TPH,2027-10-22,ALN,TPH,10674.0,2027-10-22 21:43,2027-10-23 02:23,2027-10-23 03:43,2027-10-23 07:23,
72,C,17,ALN,DFP,AZ20271022ALNTPH7450,2027-10-22,ALN,TPH,7450,2027-10-22 16:03,2027-10-22 20:43,2027-10-22 22:03,2027-10-23 1:43,0,1,4.580439713,,Either,ALN,TPH,2027-10-24,ALN,TPH,6238.0,2027-10-24 12:08,2027-10-24 16:48,2027-10-24 18:08,2027-10-24 21:48,
72,C,17,ALN,DFP,AZ20271022ALNTPH7450,2027-10-22,ALN,TPH,7450,2027-10-22 16:03,2027-10-22 20:43,2027-10-22 22:03,2027-10-23 1:43,0,1,4.580439713,,Either,ALN,TPH,2027-10-23,ALN,TPH,13462.0,2027-10-23 19:21,2027-10-24 00:01,2027-10-24 01:21,2027-10-24 05:01,
73,Y,0,IJA,TPH,AZ20271020IJATPH18620,2027-10-20,IJA,TPH,18620,2027-10-20 21:07,2027-10-20 22:28,2027-10-21 2:07,2027-10-21 3:28,0,2,0.170000002,,Either,IJA,TPH,2027-10-21,IJA,TPH,19852.0,2027-10-21 12:57,2027-10-21 14:18,2027-10-21 17:57,2027-10-21 19:18,
73,Y,0,IJA,TPH,AZ20271020IJATPH18620,2027-10-20,IJA,TPH,18620,2027-10-20 21:07,2027-10-20 22:28,2027-10-21 2:07,2027-10-21 3:28,0,2,0.170000002,,Either,IJA,TPH,2027-10-22,IJA,TPH,13785.0,2027-10-22 15:51,2027-10-22 17:12,2027-10-22 20:51,2027-10-22 22:12,
73,Y,0,IJA,TPH,AZ20271020IJATPH18620,2027-10-20,IJA,TPH,18620,2027-10-20 21:07,2027-10-20 22:28,2027-10-21 2:07,2027-10-21 3:28,0,2,0.170000002,,Either,IJA,TPH,2027-10-21,IJA,TPH,13785.0,2027-10-21 15:51,2027-10-21 17:12,2027-10-21 20:51,2027-10-21 22:12,
73,Y,0,IJA,TPH,AZ20271020IJATPH18620,2027-10-20,IJA,TPH,18620,2027-10-20 21:07,2027-10-20 22:28,2027-10-21 2:07,2027-10-21 3:28,0,2,0.170000002,,Either,IJA,TPH,2027-10-22,IJA,TPH,18620.0,2027-10-22 21:07,2027-10-22 22:28,2027-10-23 02:07,2027-10-23 03:28,
74,Y,14,VUY,ERW,AZ20271021TPHERW12992,2027-10-21,TPH,ERW,12992,2027-10-21 15:53,2027-10-21 19:22,2027-10-21 20:53,2027-10-21 23:22,0,1,2.593462824,87.0,Either,TPH,ERW,2027-10-22,TPH,ERW,12992.0,2027-10-22 15:53,2027-10-22 19:22,2027-10-22 20:53,2027-10-22 23:22,
74,Y,14,VUY,ERW,AZ20271021TPHERW12992,2027-10-21,TPH,ERW,12992,2027-10-21 15:53,2027-10-21 19:22,2027-10-21 20:53,2027-10-21 23:22,0,1,2.593462824,87.0,Either,TPH,ERW,2027-10-23,TPH,ERW,7675.0,2027-10-23 13:47,2027-10-23 17:16,2027-10-23 18:47,2027-10-23 21:16,
74,Y,14,VUY,ERW,AZ20271021TPHERW12992,2027-10-21,TPH,ERW,12992,2027-10-21 15:53,2027-10-21 19:22,2027-10-21 20:53,2027-10-21 23:22,0,1,2.593462824,87.0,Either,TPH,ERW,2027-10-21,TPH,ERW,12432.0,2027-10-21 18:23,2027-10-21 21:52,2027-10-21 23:23,2027-10-22 01:52,
75,Y,22,TZJ,GIW,AZ20271021TPHGIW15865,2027-10-21,TPH,GIW,15865,2027-10-22 4:42,2027-10-22 9:33,2027-10-22 9:42,2027-10-22 14:33,0,1,2.485142826,552.0,Either,TPH,GIW,2027-10-23,TPH,GIW,15865.0,2027-10-24 04:42,2027-10-24 09:33,2027-10-24 09:42,2027-10-24 14:33,
76,Y,21,ZFM,PGM,AZ20271021TPHPGM8800,2027-10-21,TPH,PGM,8800,2027-10-22 4:41,2027-10-22 5:50,2027-10-22 9:41,2027-10-22 11:50,0,1,5.006551994,305.0,Either,TPH,PGM,2027-10-22,TPH,PGM,8800.0,2027-10-23 04:41,2027-10-23 05:50,2027-10-23 09:41,2027-10-23 11:50,
77,Y,21,EID,ZFM,AZ20271021EIDTPH2049,2027-10-21,EID,TPH,2049,2027-10-21 18:14,2027-10-21 19:48,2027-10-21 23:14,2027-10-22 0:48,0,1,5.154861999,,Either,EID,TPH,2027-10-23,EID,TPH,19272.0,2027-10-23 11:08,2027-10-23 12:42,2027-10-23 16:08,2027-10-23 17:42,
77,Y,21,EID,ZFM,AZ20271021EIDTPH2049,2027-10-21,EID,TPH,2049,2027-10-21 18:14,2027-10-21 19:48,2027-10-21 23:14,2027-10-22 0:48,0,1,5.154861999,,Either,EID,TPH,2027-10-23,EID,TPH,2049.0,2027-10-23 18:14,2027-10-23 19:48,2027-10-23 23:14,2027-10-24 00:48,
77,Y,21,EID,ZFM,AZ20271021EIDTPH2049,2027-10-21,EID,TPH,2049,2027-10-21 18:14,2027-10-21 19:48,2027-10-21 23:14,2027-10-22 0:48,0,1,5.154861999,,Either,EID,TPH,2027-10-22,EID,TPH,19272.0,2027-10-22 11:08,2027-10-22 12:42,2027-10-22 16:08,2027-10-22 17:42,
78,Y,0,PGM,ERW,AZ20271021PGMTPH18891,2027-10-21,PGM,TPH,18891,2027-10-21 11:10,2027-10-21 14:17,2027-10-21 17:10,2027-10-21 19:17,0,1,1.439999998,,Either,PGM,TPH,2027-10-22,PGM,TPH,2952.0,2027-10-22 20:02,2027-10-22 23:09,2027-10-23 02:02,2027-10-23 04:09,
79,Y,0,CEF,TPH,AZ20271021CEFTPH3898,2027-10-21,CEF,TPH,3898,2027-10-21 20:56,2027-10-21 22:51,2027-10-22 1:56,2027-10-22 3:51,0,1,2.119999997,,Either,CEF,TPH,2027-10-23,CEF,TPH,9629.0,2027-10-23 09:24,2027-10-23 11:19,2027-10-23 14:24,2027-10-23 16:19,
79,Y,0,CEF,TPH,AZ20271021CEFTPH3898,2027-10-21,CEF,TPH,3898,2027-10-21 20:56,2027-10-21 22:51,2027-10-22 1:56,2027-10-22 3:51,0,1,2.119999997,,Either,CEF,TPH,2027-10-23,CEF,TPH,3898.0,2027-10-23 20:56,2027-10-23 22:51,2027-10-24 01:56,2027-10-24 03:51,
79,Y,0,CEF,TPH,AZ20271021CEFTPH3898,2027-10-21,CEF,TPH,3898,2027-10-21 20:56,2027-10-21 22:51,2027-10-22 1:56,2027-10-22 3:51,0,1,2.119999997,,Either,CEF,TPH,2027-10-23,CEF,TPH,15360.0,2027-10-23 12:32,2027-10-23 14:27,2027-10-23 17:32,2027-10-23 19:27,
79,Y,0,CEF,TPH,AZ20271021CEFTPH3898,2027-10-21,CEF,TPH,3898,2027-10-21 20:56,2027-10-21 22:51,2027-10-22 1:56,2027-10-22 3:51,0,1,2.119999997,,Either,CEF,TPH,2027-10-21,CEF,TPH,115.0,2027-10-22 00:49,2027-10-22 02:44,2027-10-22 05:49,2027-10-22 07:44,
80,Y,19,NAD,OYC,AZ20271021NADTPH10482,2027-10-21,NAD,TPH,10482,2027-10-21 10:41,2027-10-21 12:50,2027-10-21 15:41,2027-10-21 17:50,0,2,2.318462847,,Either,NAD,TPH,2027-10-22,NAD,TPH,19219.0,2027-10-22 18:34,2027-10-22 20:43,2027-10-22 23:34,2027-10-23 01:43,
81,C,25,TPH,ERW,AZ20271021TPHERW12992,2027-10-21,TPH,ERW,12992,2027-10-21 15:53,2027-10-21 19:22,2027-10-21 20:53,2027-10-21 23:22,0,1,6.651402216,,Either,TPH,ERW,2027-10-21,TPH,ERW,5969.0,2027-10-22 00:37,2027-10-22 04:06,2027-10-22 05:37,2027-10-22 08:06,
81,C,25,TPH,ERW,AZ20271021TPHERW12992,2027-10-21,TPH,ERW,12992,2027-10-21 15:53,2027-10-21 19:22,2027-10-21 20:53,2027-10-21 23:22,0,1,6.651402216,,Either,TPH,ERW,2027-10-22,TPH,ERW,7675.0,2027-10-22 13:47,2027-10-22 17:16,2027-10-22 18:47,2027-10-22 21:16,
81,C,25,TPH,ERW,AZ20271021TPHERW12992,2027-10-21,TPH,ERW,12992,2027-10-21 15:53,2027-10-21 19:22,2027-10-21 20:53,2027-10-21 23:22,0,1,6.651402216,,Either,TPH,ERW,2027-10-23,TPH,ERW,7675.0,2027-10-23 13:47,2027-10-23 17:16,2027-10-23 18:47,2027-10-23 21:16,
81,C,25,TPH,ERW,AZ20271021TPHERW12992,2027-10-21,TPH,ERW,12992,2027-10-21 15:53,2027-10-21 19:22,2027-10-21 20:53,2027-10-21 23:22,0,1,6.651402216,,Either,TPH,ERW,2027-10-21,TPH,ERW,12432.0,2027-10-21 18:23,2027-10-21 21:52,2027-10-21 23:23,2027-10-22 01:52,
81,C,25,TPH,ERW,AZ20271021TPHERW12992,2027-10-21,TPH,ERW,12992,2027-10-21 15:53,2027-10-21 19:22,2027-10-21 20:53,2027-10-21 23:22,0,1,6.651402216,,Either,TPH,ERW,2027-10-23,TPH,ERW,12992.0,2027-10-23 15:53,2027-10-23 19:22,2027-10-23 20:53,2027-10-23 23:22,
82,Y,21,ZFM,LIZ,AZ20271021TPHLIZ17269,2027-10-21,TPH,LIZ,17269,2027-10-21 19:09,2027-10-21 22:48,2027-10-22 0:09,2027-10-22 2:48,0,4,5.033381452,174.0,Either,TPH,LIZ,2027-10-22,TPH,LIZ,5613.0,2027-10-22 13:59,2027-10-22 17:38,2027-10-22 18:59,2027-10-22 21:38,
82,Y,21,ZFM,LIZ,AZ20271021TPHLIZ17269,2027-10-21,TPH,LIZ,17269,2027-10-21 19:09,2027-10-21 22:48,2027-10-22 0:09,2027-10-22 2:48,0,4,5.033381452,174.0,Either,TPH,LIZ,2027-10-22,TPH,LIZ,4975.0,2027-10-22 15:39,2027-10-22 19:18,2027-10-22 20:39,2027-10-22 23:18,
82,Y,21,ZFM,LIZ,AZ20271021TPHLIZ17269,2027-10-21,TPH,LIZ,17269,2027-10-21 19:09,2027-10-21 22:48,2027-10-22 0:09,2027-10-22 2:48,0,4,5.033381452,174.0,Either,TPH,LIZ,2027-10-23,TPH,LIZ,16090.0,2027-10-23 13:34,2027-10-23 17:13,2027-10-23 18:34,2027-10-23 21:13,
82,Y,21,ZFM,LIZ,AZ20271021TPHLIZ17269,2027-10-21,TPH,LIZ,17269,2027-10-21 19:09,2027-10-21 22:48,2027-10-22 0:09,2027-10-22 2:48,0,4,5.033381452,174.0,Either,TPH,LIZ,2027-10-22,TPH,LIZ,1248.0,2027-10-22 13:45,2027-10-22 17:24,2027-10-22 18:45,2027-10-22 21:24,
82,Y,21,ZFM,LIZ,AZ20271021TPHLIZ17269,2027-10-21,TPH,LIZ,17269,2027-10-21 19:09,2027-10-21 22:48,2027-10-22 0:09,2027-10-22 2:48,0,4,5.033381452,174.0,Either,TPH,LIZ,2027-10-21,TPH,LIZ,18001.0,2027-10-22 04:45,2027-10-22 08:24,2027-10-22 09:45,2027-10-22 12:24,
82,Y,21,ZFM,LIZ,AZ20271021TPHLIZ17269,2027-10-21,TPH,LIZ,17269,2027-10-21 19:09,2027-10-21 22:48,2027-10-22 0:09,2027-10-22 2:48,0,4,5.033381452,174.0,Either,TPH,LIZ,2027-10-23,TPH,LIZ,18249.0,2027-10-23 15:51,2027-10-23 19:30,2027-10-23 20:51,2027-10-23 23:30,
82,Y,21,ZFM,LIZ,AZ20271021TPHLIZ17269,2027-10-21,TPH,LIZ,17269,2027-10-21 19:09,2027-10-21 22:48,2027-10-22 0:09,2027-10-22 2:48,0,4,5.033381452,174.0,Either,TPH,LIZ,2027-10-23,TPH,LIZ,17041.0,2027-10-23 18:59,2027-10-23 22:38,2027-10-23 23:59,2027-10-24 02:38,
82,Y,21,ZFM,LIZ,AZ20271021TPHLIZ17269,2027-10-21,TPH,LIZ,17269,2027-10-21 19:09,2027-10-21 22:48,2027-10-22 0:09,2027-10-22 2:48,0,4,5.033381452,174.0,Either,TPH,LIZ,2027-10-22,TPH,LIZ,18001.0,2027-10-23 04:45,2027-10-23 08:24,2027-10-23 09:45,2027-10-23 12:24,
82,Y,21,ZFM,LIZ,AZ20271021TPHLIZ17269,2027-10-21,TPH,LIZ,17269,2027-10-21 19:09,2027-10-21 22:48,2027-10-22 0:09,2027-10-22 2:48,0,4,5.033381452,174.0,Either,TPH,LIZ,2027-10-23,TPH,LIZ,17269.0,2027-10-23 19:09,2027-10-23 22:48,2027-10-24 00:09,2027-10-24 02:48,
83,Y,24,CIA,ALN,AZ20271020TPHALN8203,2027-10-20,TPH,ALN,8203,2027-10-20 15:25,2027-10-20 18:22,2027-10-20 20:25,2027-10-21 0:22,0,3,6.92101801,147.0,,,,,,,,,,,,
84,Y,24,JDP,TZJ,AZ20271020JDPTPH8350,2027-10-20,JDP,TPH,8350,2027-10-20 22:40,2027-10-21 1:23,2027-10-21 4:40,2027-10-21 6:23,0,1,3.244925004,,Either,JDP,TPH,2027-10-22,JDP,TPH,19671.0,2027-10-22 18:05,2027-10-22 20:46,2027-10-22 23:05,2027-10-23 01:46,
84,Y,24,JDP,TZJ,AZ20271020JDPTPH8350,2027-10-20,JDP,TPH,8350,2027-10-20 22:40,2027-10-21 1:23,2027-10-21 4:40,2027-10-21 6:23,0,1,3.244925004,,Either,JDP,TPH,2027-10-22,JDP,TPH,16414.0,2027-10-22 14:10,2027-10-22 16:51,2027-10-22 19:10,2027-10-22 21:51,
84,Y,24,JDP,TZJ,AZ20271020JDPTPH8350,2027-10-20,JDP,TPH,8350,2027-10-20 22:40,2027-10-21 1:23,2027-10-21 4:40,2027-10-21 6:23,0,1,3.244925004,,Either,JDP,TPH,2027-10-21,JDP,TPH,15100.0,2027-10-21 20:05,2027-10-21 22:48,2027-10-22 01:05,2027-10-22 03:48,
84,Y,24,JDP,TZJ,AZ20271020JDPTPH8350,2027-10-20,JDP,TPH,8350,2027-10-20 22:40,2027-10-21 1:23,2027-10-21 4:40,2027-10-21 6:23,0,1,3.244925004,,Either,JDP,TPH,2027-10-22,JDP,TPH,15100.0,2027-10-22 20:05,2027-10-22 22:48,2027-10-23 01:05,2027-10-23 03:48,
84,Y,24,JDP,TZJ,AZ20271020JDPTPH8350,2027-10-20,JDP,TPH,8350,2027-10-20 22:40,2027-10-21 1:23,2027-10-21 4:40,2027-10-21 6:23,0,1,3.244925004,,Either,JDP,TPH,2027-10-21,JDP,TPH,15178.0,2027-10-21 11:39,2027-10-21 14:20,2027-10-21 16:39,2027-10-21 19:20,
84,Y,24,JDP,TZJ,AZ20271020JDPTPH8350,2027-10-20,JDP,TPH,8350,2027-10-20 22:40,2027-10-21 1:23,2027-10-21 4:40,2027-10-21 6:23,0,1,3.244925004,,Either,JDP,TPH,2027-10-22,JDP,TPH,19123.0,2027-10-22 17:49,2027-10-22 20:30,2027-10-22 22:49,2027-10-23 01:30,
85,Y,20,TZJ,CLT,AZ20271022TZJTPH10249,2027-10-22,TZJ,TPH,10249,2027-10-22 15:05,2027-10-22 16:55,2027-10-22 20:05,2027-10-22 21:55,0,1,1.898000002,,Either,TZJ,TPH,2027-10-23,TZJ,TPH,16021.0,2027-10-23 12:32,2027-10-23 14:22,2027-10-23 17:32,2027-10-23 19:22,
85,Y,20,TZJ,CLT,AZ20271022TZJTPH10249,2027-10-22,TZJ,TPH,10249,2027-10-22 15:05,2027-10-22 16:55,2027-10-22 20:05,2027-10-22 21:55,0,1,1.898000002,,Either,TZJ,TPH,2027-10-23,TZJ,TPH,2996.0,2027-10-23 10:54,2027-10-23 12:44,2027-10-23 15:54,2027-10-23 17:44,
85,Y,20,TZJ,CLT,AZ20271022TZJTPH10249,2027-10-22,TZJ,TPH,10249,2027-10-22 15:05,2027-10-22 16:55,2027-10-22 20:05,2027-10-22 21:55,0,1,1.898000002,,Either,TZJ,TPH,2027-10-23,TZJ,TPH,13898.0,2027-10-23 17:40,2027-10-23 19:30,2027-10-23 22:40,2027-10-24 00:30,
85,Y,20,TZJ,CLT,AZ20271022TZJTPH10249,2027-10-22,TZJ,TPH,10249,2027-10-22 15:05,2027-10-22 16:55,2027-10-22 20:05,2027-10-22 21:55,0,1,1.898000002,,Either,TZJ,TPH,2027-10-22,TZJ,TPH,6737.0,2027-10-22 21:23,2027-10-22 23:13,2027-10-23 02:23,2027-10-23 04:13,
86,Y,22,QXG,KHL,AZ20271021QXGTPH15389,2027-10-21,QXG,TPH,15389,2027-10-21 11:03,2027-10-21 14:28,2027-10-21 17:03,2027-10-21 19:28,0,2,5.265665375,,Either,QXG,TPH,2027-10-21,QXG,TPH,5591.0,2027-10-21 23:18,2027-10-22 02:43,2027-10-22 05:18,2027-10-22 07:43,
86,Y,22,QXG,KHL,AZ20271021QXGTPH15389,2027-10-21,QXG,TPH,15389,2027-10-21 11:03,2027-10-21 14:28,2027-10-21 17:03,2027-10-21 19:28,0,2,5.265665375,,Either,QXG,TPH,2027-10-22,QXG,TPH,15389.0,2027-10-22 11:03,2027-10-22 14:28,2027-10-22 17:03,2027-10-22 19:28,
86,Y,22,QXG,KHL,AZ20271021QXGTPH15389,2027-10-21,QXG,TPH,15389,2027-10-21 11:03,2027-10-21 14:28,2027-10-21 17:03,2027-10-21 19:28,0,2,5.265665375,,Either,QXG,VUY,2027-10-22,QXG,VUY,8894.0,2027-10-22 15:31,2027-10-22 17:13,2027-10-22 21:31,2027-10-22 23:13,
86,Y,22,QXG,KHL,AZ20271021QXGTPH15389,2027-10-21,QXG,TPH,15389,2027-10-21 11:03,2027-10-21 14:28,2027-10-21 17:03,2027-10-21 19:28,0,2,5.265665375,,Either,VUY,TPH,2027-10-22,VUY,TPH,4376.0,2027-10-23 00:26,2027-10-23 02:50,2027-10-23 06:26,2027-10-23 07:50,102.0
86,Y,22,QXG,KHL,AZ20271021QXGTPH15389,2027-10-21,QXG,TPH,15389,2027-10-21 11:03,2027-10-21 14:28,2027-10-21 17:03,2027-10-21 19:28,0,2,5.265665375,,Either,QXG,TPH,2027-10-21,QXG,TPH,2732.0,2027-10-21 13:31,2027-10-21 16:56,2027-10-21 19:31,2027-10-21 21:56,
86,Y,22,QXG,KHL,AZ20271021QXGTPH15389,2027-10-21,QXG,TPH,15389,2027-10-21 11:03,2027-10-21 14:28,2027-10-21 17:03,2027-10-21 19:28,0,2,5.265665375,,Either,QXG,TPH,2027-10-23,QXG,TPH,15389.0,2027-10-23 11:03,2027-10-23 14:28,2027-10-23 17:03,2027-10-23 19:28,
87,Y,4,QHP,EID,AZ20271021TPHEID19483,2027-10-21,TPH,EID,19483,2027-10-21 15:38,2027-10-21 17:19,2027-10-21 20:38,2027-10-21 22:19,0,1,3.818664995,75.0,Either,TPH,EID,2027-10-23,TPH,EID,19483.0,2027-10-23 15:38,2027-10-23 17:19,2027-10-23 20:38,2027-10-23 22:19,
88,Y,22,TPH,AGQ,AZ20271020TPHAGQ17373,2027-10-20,TPH,AGQ,17373,2027-10-20 18:59,2027-10-20 22:12,2027-10-20 23:59,2027-10-21 3:12,0,1,7.319000006,,Either,TPH,AGQ,2027-10-22,TPH,AGQ,17373.0,2027-10-22 18:59,2027-10-22 22:12,2027-10-22 23:59,2027-10-23 03:12,
89,Y,19,ALN,IJA,AZ20271020TPHIJA13612,2027-10-20,TPH,IJA,13612,2027-10-20 18:16,2027-10-20 19:30,2027-10-20 23:16,2027-10-21 0:30,0,2,1.152020007,88.0,Either,TPH,IJA,2027-10-20,TPH,IJA,11985.0,2027-10-21 03:41,2027-10-21 04:55,2027-10-21 08:41,2027-10-21 09:55,
89,Y,19,ALN,IJA,AZ20271020TPHIJA13612,2027-10-20,TPH,IJA,13612,2027-10-20 18:16,2027-10-20 19:30,2027-10-20 23:16,2027-10-21 0:30,0,2,1.152020007,88.0,Either,TPH,IJA,2027-10-21,TPH,IJA,2812.0,2027-10-21 13:41,2027-10-21 14:55,2027-10-21 18:41,2027-10-21 19:55,
89,Y,19,ALN,IJA,AZ20271020TPHIJA13612,2027-10-20,TPH,IJA,13612,2027-10-20 18:16,2027-10-20 19:30,2027-10-20 23:16,2027-10-21 0:30,0,2,1.152020007,88.0,Either,TPH,IJA,2027-10-21,TPH,IJA,11417.0,2027-10-21 13:26,2027-10-21 14:40,2027-10-21 18:26,2027-10-21 19:40,
89,Y,19,ALN,IJA,AZ20271020TPHIJA13612,2027-10-20,TPH,IJA,13612,2027-10-20 18:16,2027-10-20 19:30,2027-10-20 23:16,2027-10-21 0:30,0,2,1.152020007,88.0,Either,TPH,IJA,2027-10-22,TPH,IJA,2812.0,2027-10-22 13:41,2027-10-22 14:55,2027-10-22 18:41,2027-10-22 19:55,
89,Y,19,ALN,IJA,AZ20271020TPHIJA13612,2027-10-20,TPH,IJA,13612,2027-10-20 18:16,2027-10-20 19:30,2027-10-20 23:16,2027-10-21 0:30,0,2,1.152020007,88.0,Either,TPH,IJA,2027-10-22,TPH,IJA,11417.0,2027-10-22 13:26,2027-10-22 14:40,2027-10-22 18:26,2027-10-22 19:40,
90,Y,13,LIZ,TPH,AZ20271020LIZTPH3474,2027-10-20,LIZ,TPH,3474,2027-10-20 21:06,2027-10-20 22:53,2027-10-21 1:06,2027-10-21 3:53,0,2,5.169925001,,Either,LIZ,TPH,2027-10-22,LIZ,TPH,14019.0,2027-10-22 12:26,2027-10-22 14:13,2027-10-22 16:26,2027-10-22 19:13,
90,Y,13,LIZ,TPH,AZ20271020LIZTPH3474,2027-10-20,LIZ,TPH,3474,2027-10-20 21:06,2027-10-20 22:53,2027-10-21 1:06,2027-10-21 3:53,0,2,5.169925001,,Either,LIZ,TPH,2027-10-22,LIZ,TPH,14029.0,2027-10-22 18:38,2027-10-22 20:25,2027-10-22 22:38,2027-10-23 01:25,
90,Y,13,LIZ,TPH,AZ20271020LIZTPH3474,2027-10-20,LIZ,TPH,3474,2027-10-20 21:06,2027-10-20 22:53,2027-10-21 1:06,2027-10-21 3:53,0,2,5.169925001,,Either,LIZ,TPH,2027-10-22,LIZ,TPH,3474.0,2027-10-22 21:06,2027-10-22 22:53,2027-10-23 01:06,2027-10-23 03:53,
91,Y,22,TPH,VUY,AZ20271020TPHVUY14711,2027-10-20,TPH,VUY,14711,2027-10-20 21:44,2027-10-20 22:10,2027-10-21 2:44,2027-10-21 4:10,0,4,5.564889425,,Either,TPH,VUY,2027-10-22,TPH,VUY,2154.0,2027-10-22 13:44,2027-10-22 14:10,2027-10-22 18:44,2027-10-22 20:10,
91,Y,22,TPH,VUY,AZ20271020TPHVUY14711,2027-10-20,TPH,VUY,14711,2027-10-20 21:44,2027-10-20 22:10,2027-10-21 2:44,2027-10-21 4:10,0,4,5.564889425,,Either,TPH,VUY,2027-10-22,TPH,VUY,18979.0,2027-10-22 13:25,2027-10-22 13:51,2027-10-22 18:25,2027-10-22 19:51,
91,Y,22,TPH,VUY,AZ20271020TPHVUY14711,2027-10-20,TPH,VUY,14711,2027-10-20 21:44,2027-10-20 22:10,2027-10-21 2:44,2027-10-21 4:10,0,4,5.564889425,,Either,TPH,VUY,2027-10-21,TPH,VUY,10006.0,2027-10-22 01:09,2027-10-22 01:35,2027-10-22 06:09,2027-10-22 07:35,
92,Y,12,ERW,VCF,AZ20271022ERWTPH11457,2027-10-22,ERW,TPH,11457,2027-10-22 12:35,2027-10-22 14:17,2027-10-22 16:35,2027-10-22 19:17,0,1,2.277462839,,Either,ERW,TPH,2027-10-23,ERW,TPH,1187.0,2027-10-23 15:04,2027-10-23 16:41,2027-10-23 19:04,2027-10-23 21:41,
92,Y,12,ERW,VCF,AZ20271022ERWTPH11457,2027-10-22,ERW,TPH,11457,2027-10-22 12:35,2027-10-22 14:17,2027-10-22 16:35,2027-10-22 19:17,0,1,2.277462839,,Either,ERW,TPH,2027-10-24,ERW,TPH,11457.0,2027-10-24 12:35,2027-10-24 14:17,2027-10-24 16:35,2027-10-24 19:17,
93,Y,11,OLT,IJA,AZ20271020OLTTPH10853,2027-10-20,OLT,TPH,10853,2027-10-21 3:19,2027-10-21 12:43,2027-10-21 11:19,2027-10-21 17:43,0,1,2.725462853,,Either,OLT,TPH,2027-10-21,OLT,TPH,10853.0,2027-10-22 03:19,2027-10-22 12:43,2027-10-22 11:19,2027-10-22 17:43,
93,Y,11,OLT,IJA,AZ20271020OLTTPH10853,2027-10-20,OLT,TPH,10853,2027-10-21 3:19,2027-10-21 12:43,2027-10-21 11:19,2027-10-21 17:43,0,1,2.725462853,,Either,OLT,TPH,2027-10-22,OLT,TPH,10853.0,2027-10-23 03:19,2027-10-23 12:43,2027-10-23 11:19,2027-10-23 17:43,
94,Y,12,BPJ,EYF,AZ20271020TPHEYF15612,2027-10-20,TPH,EYF,15612,2027-10-21 0:44,2027-10-21 2:05,2027-10-21 5:44,2027-10-21 7:05,0,1,2.935162841,112.0,Either,TPH,EYF,2027-10-22,TPH,EYF,10112.0,2027-10-22 13:35,2027-10-22 14:56,2027-10-22 18:35,2027-10-22 19:56,
94,Y,12,BPJ,EYF,AZ20271020TPHEYF15612,2027-10-20,TPH,EYF,15612,2027-10-21 0:44,2027-10-21 2:05,2027-10-21 5:44,2027-10-21 7:05,0,1,2.935162841,112.0,Either,TPH,EYF,2027-10-22,TPH,EYF,8525.0,2027-10-22 18:57,2027-10-22 20:18,2027-10-22 23:57,2027-10-23 01:18,
94,Y,12,BPJ,EYF,AZ20271020TPHEYF15612,2027-10-20,TPH,EYF,15612,2027-10-21 0:44,2027-10-21 2:05,2027-10-21 5:44,2027-10-21 7:05,0,1,2.935162841,112.0,Either,TPH,EYF,2027-10-21,TPH,EYF,10112.0,2027-10-21 13:35,2027-10-21 14:56,2027-10-21 18:35,2027-10-21 19:56,
94,Y,12,BPJ,EYF,AZ20271020TPHEYF15612,2027-10-20,TPH,EYF,15612,2027-10-21 0:44,2027-10-21 2:05,2027-10-21 5:44,2027-10-21 7:05,0,1,2.935162841,112.0,Either,TPH,EYF,2027-10-21,TPH,EYF,972.0,2027-10-21 13:23,2027-10-21 14:44,2027-10-21 18:23,2027-10-21 19:44,
94,Y,12,BPJ,EYF,AZ20271020TPHEYF15612,2027-10-20,TPH,EYF,15612,2027-10-21 0:44,2027-10-21 2:05,2027-10-21 5:44,2027-10-21 7:05,0,1,2.935162841,112.0,Either,TPH,EYF,2027-10-22,TPH,EYF,898.0,2027-10-22 15:44,2027-10-22 17:05,2027-10-22 20:44,2027-10-22 22:05,
95,Y,11,OLT,NAD,AZ20271020TPHNAD18287,2027-10-20,TPH,NAD,18287,2027-10-20 17:47,2027-10-20 20:04,2027-10-20 22:47,2027-10-21 1:04,0,1,2.427462845,62.0,Either,TPH,NAD,2027-10-20,TPH,NAD,10818.0,2027-10-21 03:37,2027-10-21 05:54,2027-10-21 08:37,2027-10-21 10:54,
95,Y,11,OLT,NAD,AZ20271020TPHNAD18287,2027-10-20,TPH,NAD,18287,2027-10-20 17:47,2027-10-20 20:04,2027-10-20 22:47,2027-10-21 1:04,0,1,2.427462845,62.0,Either,TPH,NAD,2027-10-21,TPH,NAD,5528.0,2027-10-21 21:32,2027-10-21 23:49,2027-10-22 02:32,2027-10-22 04:49,
95,Y,11,OLT,NAD,AZ20271020TPHNAD18287,2027-10-20,TPH,NAD,18287,2027-10-20 17:47,2027-10-20 20:04,2027-10-20 22:47,2027-10-21 1:04,0,1,2.427462845,62.0,Either,TPH,NAD,2027-10-21,TPH,NAD,18287.0,2027-10-21 17:47,2027-10-21 20:04,2027-10-21 22:47,2027-10-22 01:04,
96,Y,21,QHP,KHL,AZ20271021TPHKHL15796,2027-10-21,TPH,KHL,15796,2027-10-21 21:47,2027-10-22 6:49,2027-10-22 2:47,2027-10-22 9:49,0,4,6.4607098,58.0,Either,TPH,KHL,2027-10-22,TPH,KHL,5917.0,2027-10-22 18:08,2027-10-23 03:14,2027-10-22 23:08,2027-10-23 06:14,
96,Y,21,QHP,KHL,AZ20271021TPHKHL15796,2027-10-21,TPH,KHL,15796,2027-10-21 21:47,2027-10-22 6:49,2027-10-22 2:47,2027-10-22 9:49,0,4,6.4607098,58.0,Either,TPH,KHL,2027-10-22,TPH,KHL,2510.0,2027-10-22 21:26,2027-10-23 06:28,2027-10-23 02:26,2027-10-23 09:28,
96,Y,21,QHP,KHL,AZ20271021TPHKHL15796,2027-10-21,TPH,KHL,15796,2027-10-21 21:47,2027-10-22 6:49,2027-10-22 2:47,2027-10-22 9:49,0,4,6.4607098,58.0,Either,TPH,KHL,2027-10-23,TPH,KHL,2510.0,2027-10-23 21:26,2027-10-24 06:28,2027-10-24 02:26,2027-10-24 09:28,
96,Y,21,QHP,KHL,AZ20271021TPHKHL15796,2027-10-21,TPH,KHL,15796,2027-10-21 21:47,2027-10-22 6:49,2027-10-22 2:47,2027-10-22 9:49,0,4,6.4607098,58.0,Either,TPH,KHL,2027-10-22,TPH,KHL,15796.0,2027-10-22 21:47,2027-10-23 06:49,2027-10-23 02:47,2027-10-23 09:49,
96,Y,21,QHP,KHL,AZ20271021TPHKHL15796,2027-10-21,TPH,KHL,15796,2027-10-21 21:47,2027-10-22 6:49,2027-10-22 2:47,2027-10-22 9:49,0,4,6.4607098,58.0,Either,TPH,KHL,2027-10-23,TPH,KHL,5917.0,2027-10-23 18:08,2027-10-24 03:14,2027-10-23 23:08,2027-10-24 06:14,
97,Y,20,BPJ,OLT,AZ20271020TPHOLT8798,2027-10-20,TPH,OLT,8798,2027-10-20 14:03,2027-10-20 18:15,2027-10-20 19:03,2027-10-21 2:15,0,1,4.122925011,90.0,,,,,,,,,,,,
98,C,25,CEF,OSW,AZ20271021TPHOSW17806,2027-10-21,TPH,OSW,17806,2027-10-22 4:02,2027-10-22 6:42,2027-10-22 9:02,2027-10-22 11:42,0,1,8.382483364,78.0,Either,TPH,OSW,2027-10-23,TPH,OSW,5582.0,2027-10-23 15:45,2027-10-23 18:25,2027-10-23 20:45,2027-10-23 23:25,
98,C,25,CEF,OSW,AZ20271021TPHOSW17806,2027-10-21,TPH,OSW,17806,2027-10-22 4:02,2027-10-22 6:42,2027-10-22 9:02,2027-10-22 11:42,0,1,8.382483364,78.0,Either,TPH,OSW,2027-10-23,TPH,OSW,17806.0,2027-10-24 04:02,2027-10-24 06:42,2027-10-24 09:02,2027-10-24 11:42,
98,C,25,CEF,OSW,AZ20271021TPHOSW17806,2027-10-21,TPH,OSW,17806,2027-10-22 4:02,2027-10-22 6:42,2027-10-22 9:02,2027-10-22 11:42,0,1,8.382483364,78.0,Either,TPH,OSW,2027-10-22,TPH,OSW,17806.0,2027-10-23 04:02,2027-10-23 06:42,2027-10-23 09:02,2027-10-23 11:42,
98,C,25,CEF,OSW,AZ20271021TPHOSW17806,2027-10-21,TPH,OSW,17806,2027-10-22 4:02,2027-10-22 6:42,2027-10-22 9:02,2027-10-22 11:42,0,1,8.382483364,78.0,Either,TPH,OSW,2027-10-22,TPH,OSW,3559.0,2027-10-23 01:02,2027-10-23 03:42,2027-10-23 06:02,2027-10-23 08:42,
98,C,25,OSW,CEF,AZ20271022OSWTPH11969,2027-10-22,OSW,TPH,11969,2027-10-22 11:30,2027-10-22 14:14,2027-10-22 16:30,2027-10-22 19:14,0,1,8.382483364,,Either,OSW,TPH,2027-10-22,OSW,TPH,19197.0,2027-10-22 17:41,2027-10-22 20:25,2027-10-22 22:41,2027-10-23 01:25,
98,C,25,OSW,CEF,AZ20271022OSWTPH11969,2027-10-22,OSW,TPH,11969,2027-10-22 11:30,2027-10-22 14:14,2027-10-22 16:30,2027-10-22 19:14,0,1,8.382483364,,Either,OSW,TPH,2027-10-23,OSW,TPH,14001.0,2027-10-23 13:35,2027-10-23 16:19,2027-10-23 18:35,2027-10-23 21:19,
98,C,25,OSW,CEF,AZ20271022OSWTPH11969,2027-10-22,OSW,TPH,11969,2027-10-22 11:30,2027-10-22 14:14,2027-10-22 16:30,2027-10-22 19:14,0,1,8.382483364,,Either,OSW,TPH,2027-10-24,OSW,TPH,11969.0,2027-10-24 11:30,2027-10-24 14:14,2027-10-24 16:30,2027-10-24 19:14,
98,C,25,OSW,CEF,AZ20271022OSWTPH11969,2027-10-22,OSW,TPH,11969,2027-10-22 11:30,2027-10-22 14:14,2027-10-22 16:30,2027-10-22 19:14,0,1,8.382483364,,Either,OSW,TPH,2027-10-23,OSW,TPH,19197.0,2027-10-23 17:41,2027-10-23 20:25,2027-10-23 22:41,2027-10-24 01:25,
99,Y,0,TPH,CEF,AZ20271020TPHCEF8181,2027-10-20,TPH,CEF,8181,2027-10-20 15:46,2027-10-20 17:48,2027-10-20 20:46,2027-10-20 22:48,0,2,0.159999996,,Either,TPH,CEF,2027-10-20,TPH,CEF,5474.0,2027-10-20 21:48,2027-10-20 23:50,2027-10-21 02:48,2027-10-21 04:50,
99,Y,0,TPH,CEF,AZ20271020TPHCEF8181,2027-10-20,TPH,CEF,8181,2027-10-20 15:46,2027-10-20 17:48,2027-10-20 20:46,2027-10-20 22:48,0,2,0.159999996,,Either,TPH,CEF,2027-10-20,TPH,CEF,5687.0,2027-10-21 04:43,2027-10-21 06:45,2027-10-21 09:43,2027-10-21 11:45,
100,Y,20,BPJ,RHP,AZ20271020TPHRHP16724,2027-10-20,TPH,RHP,16724,2027-10-21 0:42,2027-10-21 4:12,2027-10-21 5:42,2027-10-21 9:12,0,3,4.419850046,110.0,Either,TPH,RHP,2027-10-22,TPH,RHP,16724.0,2027-10-23 00:42,2027-10-23 04:12,2027-10-23 05:42,2027-10-23 09:12,
101,Y,18,VUY,RHP,AZ20271021VUYTPH11209,2027-10-21,VUY,TPH,11209,2027-10-21 10:20,2027-10-21 12:44,2027-10-21 16:20,2027-10-21 17:44,0,2,3.532925007,,Either,VUY,TPH,2027-10-21,VUY,TPH,5659.0,2027-10-21 12:02,2027-10-21 14:26,2027-10-21 18:02,2027-10-21 19:26,
101,Y,18,VUY,RHP,AZ20271021VUYTPH11209,2027-10-21,VUY,TPH,11209,2027-10-21 10:20,2027-10-21 12:44,2027-10-21 16:20,2027-10-21 17:44,0,2,3.532925007,,Either,VUY,TPH,2027-10-22,VUY,TPH,2927.0,2027-10-22 23:08,2027-10-23 01:32,2027-10-23 05:08,2027-10-23 06:32,
101,Y,18,VUY,RHP,AZ20271021VUYTPH11209,2027-10-21,VUY,TPH,11209,2027-10-21 10:20,2027-10-21 12:44,2027-10-21 16:20,2027-10-21 17:44,0,2,3.532925007,,Either,VUY,TPH,2027-10-23,VUY,TPH,11209.0,2027-10-23 10:20,2027-10-23 12:44,2027-10-23 16:20,2027-10-23 17:44,
101,Y,18,VUY,RHP,AZ20271021VUYTPH11209,2027-10-21,VUY,TPH,11209,2027-10-21 10:20,2027-10-21 12:44,2027-10-21 16:20,2027-10-21 17:44,0,2,3.532925007,,Either,VUY,TPH,2027-10-22,VUY,TPH,11209.0,2027-10-22 10:20,2027-10-22 12:44,2027-10-22 16:20,2027-10-22 17:44,
101,Y,18,VUY,RHP,AZ20271021VUYTPH11209,2027-10-21,VUY,TPH,11209,2027-10-21 10:20,2027-10-21 12:44,2027-10-21 16:20,2027-10-21 17:44,0,2,3.532925007,,Either,VUY,TPH,2027-10-21,VUY,TPH,4376.0,2027-10-22 00:26,2027-10-22 02:50,2027-10-22 06:26,2027-10-22 07:50,
102,Y,20,VUY,TPH,AZ20271022VUYTPH5659,2027-10-22,VUY,TPH,5659,2027-10-22 12:02,2027-10-22 14:26,2027-10-22 18:02,2027-10-22 19:26,0,1,0.360899985,,Either,VUY,QXG,2027-10-22,VUY,QXG,10006.0,2027-10-23 02:33,2027-10-23 04:18,2027-10-23 08:33,2027-10-23 10:18,
102,Y,20,VUY,TPH,AZ20271022VUYTPH5659,2027-10-22,VUY,TPH,5659,2027-10-22 12:02,2027-10-22 14:26,2027-10-22 18:02,2027-10-22 19:26,0,1,0.360899985,,Either,QXG,TPH,2027-10-23,QXG,TPH,15389.0,2027-10-23 11:03,2027-10-23 14:28,2027-10-23 17:03,2027-10-23 19:28,105.0
102,Y,20,VUY,TPH,AZ20271022VUYTPH5659,2027-10-22,VUY,TPH,5659,2027-10-22 12:02,2027-10-22 14:26,2027-10-22 18:02,2027-10-22 19:26,0,1,0.360899985,,Either,VUY,TPH,2027-10-23,VUY,TPH,18329.0,2027-10-23 17:16,2027-10-23 19:40,2027-10-23 23:16,2027-10-24 00:40,
102,Y,20,VUY,TPH,AZ20271022VUYTPH5659,2027-10-22,VUY,TPH,5659,2027-10-22 12:02,2027-10-22 14:26,2027-10-22 18:02,2027-10-22 19:26,0,1,0.360899985,,Either,VUY,TPH,2027-10-24,VUY,TPH,5659.0,2027-10-24 12:02,2027-10-24 14:26,2027-10-24 18:02,2027-10-24 19:26,
102,Y,20,VUY,TPH,AZ20271022VUYTPH5659,2027-10-22,VUY,TPH,5659,2027-10-22 12:02,2027-10-22 14:26,2027-10-22 18:02,2027-10-22 19:26,0,1,0.360899985,,Either,VUY,TPH,2027-10-23,VUY,TPH,4376.0,2027-10-24 00:26,2027-10-24 02:50,2027-10-24 06:26,2027-10-24 07:50,
102,Y,20,VUY,TPH,AZ20271022VUYTPH5659,2027-10-22,VUY,TPH,5659,2027-10-22 12:02,2027-10-22 14:26,2027-10-22 18:02,2027-10-22 19:26,0,1,0.360899985,,Either,VUY,TPH,2027-10-22,VUY,TPH,2927.0,2027-10-22 23:08,2027-10-23 01:32,2027-10-23 05:08,2027-10-23 06:32,
102,Y,20,VUY,TPH,AZ20271022VUYTPH5659,2027-10-22,VUY,TPH,5659,2027-10-22 12:02,2027-10-22 14:26,2027-10-22 18:02,2027-10-22 19:26,0,1,0.360899985,,Either,VUY,TPH,2027-10-23,VUY,TPH,3289.0,2027-10-23 14:59,2027-10-23 17:23,2027-10-23 20:59,2027-10-23 22:23,
102,Y,20,VUY,TPH,AZ20271022VUYTPH5659,2027-10-22,VUY,TPH,5659,2027-10-22 12:02,2027-10-22 14:26,2027-10-22 18:02,2027-10-22 19:26,0,1,0.360899985,,Either,VUY,TPH,2027-10-22,VUY,TPH,16041.0,2027-10-22 20:25,2027-10-22 22:49,2027-10-23 02:25,2027-10-23 03:49,
102,Y,20,VUY,TPH,AZ20271022VUYTPH5659,2027-10-22,VUY,TPH,5659,2027-10-22 12:02,2027-10-22 14:26,2027-10-22 18:02,2027-10-22 19:26,0,1,0.360899985,,Either,VUY,TPH,2027-10-22,VUY,TPH,18329.0,2027-10-22 17:16,2027-10-22 19:40,2027-10-22 23:16,2027-10-23 00:40,
103,C,25,PGM,TPH,AZ20271022PGMTPH18891,2027-10-22,PGM,TPH,18891,2027-10-22 11:10,2027-10-22 14:17,2027-10-22 17:10,2027-10-22 19:17,0,1,9.910918968,,Either,PGM,TPH,2027-10-24,PGM,TPH,18891.0,2027-10-24 11:10,2027-10-24 14:17,2027-10-24 17:10,2027-10-24 19:17,
103,C,25,PGM,TPH,AZ20271022PGMTPH18891,2027-10-22,PGM,TPH,18891,2027-10-22 11:10,2027-10-22 14:17,2027-10-22 17:10,2027-10-22 19:17,0,1,9.910918968,,Either,PGM,TPH,2027-10-23,PGM,TPH,2952.0,2027-10-23 20:02,2027-10-23 23:09,2027-10-24 02:02,2027-10-24 04:09,
